tanggal,result,as,kop,kepala,ekor
2018-07-30,2536,2,5,3,6
2018-07-31,0878,0,8,7,8
2018-08-01,9895,9,8,9,5
2018-08-02,7819,7,8,1,9
2018-08-03,8779,8,7,7,9
2018-08-04,1808,1,8,0,8
2018-08-05,1649,1,6,4,9
2018-08-06,8042,8,0,4,2
2018-08-07,3274,3,2,7,4
2018-08-08,2873,2,8,7,3
2018-08-09,3599,3,5,9,9
2018-08-10,5312,5,3,1,2
2018-08-11,2337,2,3,3,7
2018-08-12,0053,0,0,5,3
2018-08-13,3710,3,7,1,0
2018-08-14,4369,4,3,6,9
2018-08-15,5322,5,3,2,2
2018-08-16,5981,5,9,8,1
2018-08-17,7585,7,5,8,5
2018-08-18,8978,8,9,7,8
2018-08-19,1823,1,8,2,3
2018-08-20,2208,2,2,0,8
2018-08-21,9463,9,4,6,3
2018-08-22,4686,4,6,8,6
2018-08-23,8069,8,0,6,9
2018-08-24,0530,0,5,3,0
2018-08-25,5792,5,7,9,2
2018-08-26,9111,9,1,1,1
2018-08-27,2424,2,4,2,4
2018-08-28,3016,3,0,1,6
2018-08-29,4326,4,3,2,6
2018-08-30,8603,8,6,0,3
2018-08-31,7607,7,6,0,7
2018-09-01,7058,7,0,5,8
2018-09-02,8290,8,2,9,0
2018-09-03,7017,7,0,1,7
2018-09-04,0620,0,6,2,0
2018-09-05,3132,3,1,3,2
2018-09-06,0168,0,1,6,8
2018-09-07,6560,6,5,6,0
2018-09-08,7067,7,0,6,7
2018-09-09,4817,4,8,1,7
2018-09-10,1756,1,7,5,6
2018-09-11,7294,7,2,9,4
2018-09-12,7374,7,3,7,4
2018-09-13,9654,9,6,5,4
2018-09-14,2253,2,2,5,3
2018-09-15,4939,4,9,3,9
2018-09-16,7380,7,3,8,0
2018-09-17,1983,1,9,8,3
2018-09-18,0005,0,0,0,5
2018-09-19,3269,3,2,6,9
2018-09-20,4966,4,9,6,6
2018-09-21,9838,9,8,3,8
2018-09-22,6555,6,5,5,5
2018-09-23,5042,5,0,4,2
2018-09-24,2855,2,8,5,5
2018-09-25,1656,1,6,5,6
2018-09-26,4932,4,9,3,2
2018-09-27,6449,6,4,4,9
2018-09-28,7110,7,1,1,0
2018-09-29,8301,8,3,0,1
2018-09-30,2690,2,6,9,0
2018-10-01,6121,6,1,2,1
2018-10-02,5716,5,7,1,6
2018-10-03,1305,1,3,0,5
2018-10-04,8823,8,8,2,3
2018-10-05,8916,8,9,1,6
2018-10-06,9842,9,8,4,2
2018-10-07,2021,2,0,2,1
2018-10-08,1090,1,0,9,0
2018-10-09,4076,4,0,7,6
2018-10-10,6760,6,7,6,0
2018-10-11,7439,7,4,3,9
2018-10-12,7675,7,6,7,5
2018-10-13,7862,7,8,6,2
2018-10-14,5277,5,2,7,7
2018-10-15,8124,8,1,2,4
2018-10-16,6255,6,2,5,5
2018-10-17,8913,8,9,1,3
2018-10-18,0205,0,2,0,5
2018-10-19,4783,4,7,8,3
2018-10-20,1593,1,5,9,3
2018-10-21,6419,6,4,1,9
2018-10-22,5092,5,0,9,2
2018-10-23,3469,3,4,6,9
2018-10-24,7530,7,5,3,0
2018-10-25,4383,4,3,8,3
2018-10-26,6492,6,4,9,2
2018-10-27,9196,9,1,9,6
2018-10-28,1887,1,8,8,7
2018-10-29,7429,7,4,2,9
2018-10-30,1400,1,4,0,0
2018-10-31,1163,1,1,6,3
2018-11-01,1204,1,2,0,4
2018-11-02,8404,8,4,0,4
2018-11-03,2046,2,0,4,6
2018-11-04,5046,5,0,4,6
2018-11-05,2419,2,4,1,9
2018-11-06,5637,5,6,3,7
2018-11-07,6752,6,7,5,2
2018-11-08,1706,1,7,0,6
2018-11-09,6185,6,1,8,5
2018-11-10,6091,6,0,9,1
2018-11-11,9343,9,3,4,3
2018-11-12,6575,6,5,7,5
2018-11-13,3392,3,3,9,2
2018-11-14,0550,0,5,5,0
2018-11-15,5407,5,4,0,7
2018-11-16,9142,9,1,4,2
2018-11-17,0513,0,5,1,3
2018-11-18,2321,2,3,2,1
2018-11-19,6884,6,8,8,4
2018-11-20,0311,0,3,1,1
2018-11-21,2902,2,9,0,2
2018-11-22,4776,4,7,7,6
2018-11-23,0742,0,7,4,2
2018-11-24,4560,4,5,6,0
2018-11-25,9546,9,5,4,6
2018-11-26,0738,0,7,3,8
2018-11-27,9096,9,0,9,6
2018-11-28,4354,4,3,5,4
2018-11-29,6211,6,2,1,1
2018-11-30,9812,9,8,1,2
2018-12-01,5434,5,4,3,4
2018-12-02,4725,4,7,2,5
2018-12-03,1938,1,9,3,8
2018-12-04,8971,8,9,7,1
2018-12-05,8684,8,6,8,4
2018-12-06,8967,8,9,6,7
2018-12-07,7448,7,4,4,8
2018-12-08,6061,6,0,6,1
2018-12-09,7666,7,6,6,6
2018-12-10,4539,4,5,3,9
2018-12-11,4643,4,6,4,3
2018-12-12,2787,2,7,8,7
2018-12-13,2944,2,9,4,4
2018-12-14,3537,3,5,3,7
2018-12-15,3767,3,7,6,7
2018-12-16,1989,1,9,8,9
2018-12-17,2939,2,9,3,9
2018-12-18,8425,8,4,2,5
2018-12-19,5273,5,2,7,3
2018-12-20,7753,7,7,5,3
2018-12-21,5258,5,2,5,8
2018-12-22,7027,7,0,2,7
2018-12-23,2346,2,3,4,6
2018-12-24,9183,9,1,8,3
2018-12-25,0721,0,7,2,1
2018-12-26,3152,3,1,5,2
2018-12-27,5105,5,1,0,5
2018-12-28,7249,7,2,4,9
2018-12-29,1500,1,5,0,0
2018-12-30,2158,2,1,5,8
2018-12-31,0080,0,0,8,0
2019-01-01,4283,4,2,8,3
2019-01-02,3152,3,1,5,2
2019-01-03,3900,3,9,0,0
2019-01-04,2652,2,6,5,2
2019-01-05,3388,3,3,8,8
2019-01-06,1700,1,7,0,0
2019-01-07,5179,5,1,7,9
2019-01-08,4915,4,9,1,5
2019-01-09,2513,2,5,1,3
2019-01-10,8417,8,4,1,7
2019-01-11,7485,7,4,8,5
2019-01-12,0748,0,7,4,8
2019-01-13,7555,7,5,5,5
2019-01-14,3563,3,5,6,3
2019-01-15,9466,9,4,6,6
2019-01-16,2197,2,1,9,7
2019-01-17,6568,6,5,6,8
2019-01-18,9919,9,9,1,9
2019-01-19,2841,2,8,4,1
2019-01-20,0090,0,0,9,0
2019-01-21,2107,2,1,0,7
2019-01-22,1645,1,6,4,5
2019-01-23,9255,9,2,5,5
2019-01-24,8829,8,8,2,9
2019-01-25,8641,8,6,4,1
2019-01-26,2029,2,0,2,9
2019-01-27,0540,0,5,4,0
2019-01-28,9387,9,3,8,7
2019-01-29,2257,2,2,5,7
2019-01-30,3320,3,3,2,0
2019-01-31,9300,9,3,0,0
2019-02-01,2814,2,8,1,4
2019-02-02,4203,4,2,0,3
2019-02-03,9551,9,5,5,1
2019-02-04,4081,4,0,8,1
2019-02-05,8742,8,7,4,2
2019-02-06,4328,4,3,2,8
2019-02-07,0439,0,4,3,9
2019-02-08,0461,0,4,6,1
2019-02-09,9265,9,2,6,5
2019-02-10,8854,8,8,5,4
2019-02-11,4659,4,6,5,9
2019-02-12,8512,8,5,1,2
2019-02-13,9626,9,6,2,6
2019-02-14,0357,0,3,5,7
2019-02-15,1246,1,2,4,6
2019-02-16,8163,8,1,6,3
2019-02-17,3453,3,4,5,3
2019-02-18,4247,4,2,4,7
2019-02-19,8451,8,4,5,1
2019-02-20,4615,4,6,1,5
2019-02-21,7426,7,4,2,6
2019-02-22,5115,5,1,1,5
2019-02-23,7667,7,6,6,7
2019-02-24,5290,5,2,9,0
2019-02-25,2636,2,6,3,6
2019-02-26,0734,0,7,3,4
2019-02-27,7117,7,1,1,7
2019-02-28,1848,1,8,4,8
2019-03-01,7663,7,6,6,3
2019-03-02,6460,6,4,6,0
2019-03-03,7827,7,8,2,7
2019-03-04,1988,1,9,8,8
2019-03-05,0005,0,0,0,5
2019-03-06,1402,1,4,0,2
2019-03-07,1188,1,1,8,8
2019-03-08,8051,8,0,5,1
2019-03-09,0680,0,6,8,0
2019-03-10,6741,6,7,4,1
2019-03-11,2143,2,1,4,3
2019-03-12,7120,7,1,2,0
2019-03-13,8921,8,9,2,1
2019-03-14,0608,0,6,0,8
2019-03-15,9240,9,2,4,0
2019-03-16,0466,0,4,6,6
2019-03-17,3386,3,3,8,6
2019-03-18,6401,6,4,0,1
2019-03-19,7540,7,5,4,0
2019-03-20,7446,7,4,4,6
2019-03-21,3157,3,1,5,7
2019-03-22,2829,2,8,2,9
2019-03-23,8243,8,2,4,3
2019-03-24,5140,5,1,4,0
2019-03-25,3437,3,4,3,7
2019-03-26,7039,7,0,3,9
2019-03-27,1719,1,7,1,9
2019-03-28,8908,8,9,0,8
2019-03-29,2778,2,7,7,8
2019-03-30,9247,9,2,4,7
2019-03-31,5987,5,9,8,7
2019-04-01,8020,8,0,2,0
2019-04-02,3900,3,9,0,0
2019-04-03,4467,4,4,6,7
2019-04-04,5632,5,6,3,2
2019-04-05,3036,3,0,3,6
2019-04-06,3412,3,4,1,2
2019-04-07,0206,0,2,0,6
2019-04-08,9230,9,2,3,0
2019-04-09,8248,8,2,4,8
2019-04-10,0371,0,3,7,1
2019-04-11,8221,8,2,2,1
2019-04-12,0983,0,9,8,3
2019-04-13,1409,1,4,0,9
2019-04-14,3812,3,8,1,2
2019-04-15,8697,8,6,9,7
2019-04-16,5913,5,9,1,3
2019-04-17,9135,9,1,3,5
2019-04-18,5199,5,1,9,9
2019-04-19,1229,1,2,2,9
2019-04-20,4497,4,4,9,7
2019-04-21,3020,3,0,2,0
2019-04-22,7246,7,2,4,6
2019-04-23,5836,5,8,3,6
2019-04-24,8007,8,0,0,7
2019-04-25,9876,9,8,7,6
2019-04-26,0548,0,5,4,8
2019-04-27,8672,8,6,7,2
2019-04-28,7390,7,3,9,0
2019-04-29,4465,4,4,6,5
2019-04-30,2316,2,3,1,6
2019-05-01,1738,1,7,3,8
2019-05-02,5387,5,3,8,7
2019-05-03,0823,0,8,2,3
2019-05-04,7555,7,5,5,5
2019-05-05,2533,2,5,3,3
2019-05-06,8631,8,6,3,1
2019-05-07,5096,5,0,9,6
2019-05-08,1750,1,7,5,0
2019-05-09,0731,0,7,3,1
2019-05-10,2994,2,9,9,4
2019-05-11,9417,9,4,1,7
2019-05-12,9691,9,6,9,1
2019-05-13,6653,6,6,5,3
2019-05-14,5859,5,8,5,9
2019-05-15,6978,6,9,7,8
2019-05-16,5070,5,0,7,0
2019-05-17,4084,4,0,8,4
2019-05-18,0436,0,4,3,6
2019-05-19,4664,4,6,6,4
2019-05-20,2640,2,6,4,0
2019-05-21,7859,7,8,5,9
2019-05-22,4245,4,2,4,5
2019-05-23,1511,1,5,1,1
2019-05-24,0953,0,9,5,3
2019-05-25,6676,6,6,7,6
2019-05-26,9700,9,7,0,0
2019-05-27,6338,6,3,3,8
2019-05-28,3011,3,0,1,1
2019-05-29,5758,5,7,5,8
2019-05-30,4971,4,9,7,1
2019-05-31,4755,4,7,5,5
2019-06-01,7722,7,7,2,2
2019-06-02,8404,8,4,0,4
2019-06-03,4207,4,2,0,7
2019-06-04,6802,6,8,0,2
2019-06-05,6748,6,7,4,8
2019-06-06,7454,7,4,5,4
2019-06-07,2206,2,2,0,6
2019-06-08,0787,0,7,8,7
2019-06-09,1709,1,7,0,9
2019-06-10,3462,3,4,6,2
2019-06-11,3721,3,7,2,1
2019-06-12,0411,0,4,1,1
2019-06-13,2487,2,4,8,7
2019-06-14,9563,9,5,6,3
2019-06-15,1141,1,1,4,1
2019-06-16,7198,7,1,9,8
2019-06-17,7438,7,4,3,8
2019-06-18,3841,3,8,4,1
2019-06-19,0093,0,0,9,3
2019-06-20,8086,8,0,8,6
2019-06-21,5511,5,5,1,1
2019-06-22,1483,1,4,8,3
2019-06-23,8646,8,6,4,6
2019-06-24,9556,9,5,5,6
2019-06-25,1557,1,5,5,7
2019-06-26,9177,9,1,7,7
2019-06-27,7459,7,4,5,9
2019-06-28,3568,3,5,6,8
2019-06-29,6970,6,9,7,0
2019-06-30,5471,5,4,7,1
2019-07-01,7830,7,8,3,0
2019-07-02,0347,0,3,4,7
2019-07-03,8018,8,0,1,8
2019-07-04,6874,6,8,7,4
2019-07-05,6222,6,2,2,2
2019-07-06,5736,5,7,3,6
2019-07-07,8122,8,1,2,2
2019-07-08,8607,8,6,0,7
2019-07-09,2684,2,6,8,4
2019-07-10,2632,2,6,3,2
2019-07-11,5556,5,5,5,6
2019-07-12,2370,2,3,7,0
2019-07-13,3046,3,0,4,6
2019-07-14,1366,1,3,6,6
2019-07-15,9896,9,8,9,6
2019-07-16,9488,9,4,8,8
2019-07-17,1064,1,0,6,4
2019-07-18,4516,4,5,1,6
2019-07-19,1636,1,6,3,6
2019-07-20,6082,6,0,8,2
2019-07-21,6160,6,1,6,0
2019-07-22,5065,5,0,6,5
2019-07-23,8961,8,9,6,1
2019-07-24,9838,9,8,3,8
2019-07-25,2729,2,7,2,9
2019-07-26,2962,2,9,6,2
2019-07-27,9092,9,0,9,2
2019-07-28,2380,2,3,8,0
2019-07-29,9820,9,8,2,0
2019-07-30,6796,6,7,9,6
2019-07-31,4473,4,4,7,3
2019-08-01,1497,1,4,9,7
2019-08-02,3539,3,5,3,9
2019-08-03,2559,2,5,5,9
2019-08-04,8370,8,3,7,0
2019-08-05,0179,0,1,7,9
2019-08-06,1428,1,4,2,8
2019-08-07,1359,1,3,5,9
2019-08-08,5807,5,8,0,7
2019-08-09,2434,2,4,3,4
2019-08-10,1163,1,1,6,3
2019-08-11,0950,0,9,5,0
2019-08-12,9509,9,5,0,9
2019-08-13,6772,6,7,7,2
2019-08-14,9474,9,4,7,4
2019-08-15,3892,3,8,9,2
2019-08-16,2767,2,7,6,7
2019-08-17,2427,2,4,2,7
2019-08-18,2452,2,4,5,2
2019-08-19,2279,2,2,7,9
2019-08-20,5587,5,5,8,7
2019-08-21,5902,5,9,0,2
2019-08-22,5054,5,0,5,4
2019-08-23,9866,9,8,6,6
2019-08-24,3332,3,3,3,2
2019-08-25,8878,8,8,7,8
2019-08-26,6925,6,9,2,5
2019-08-27,4979,4,9,7,9
2019-08-28,3874,3,8,7,4
2019-08-29,1445,1,4,4,5
2019-08-30,3194,3,1,9,4
2019-08-31,8498,8,4,9,8
2019-09-01,5277,5,2,7,7
2019-09-02,2055,2,0,5,5
2019-09-03,5878,5,8,7,8
2019-09-04,9700,9,7,0,0
2019-09-05,5171,5,1,7,1
2019-09-06,5452,5,4,5,2
2019-09-07,4871,4,8,7,1
2019-09-08,5436,5,4,3,6
2019-09-09,5393,5,3,9,3
2019-09-10,4344,4,3,4,4
2019-09-11,5582,5,5,8,2
2019-09-12,3808,3,8,0,8
2019-09-13,1452,1,4,5,2
2019-09-14,1537,1,5,3,7
2019-09-15,1943,1,9,4,3
2019-09-16,4048,4,0,4,8
2019-09-17,6800,6,8,0,0
2019-09-18,0037,0,0,3,7
2019-09-19,7718,7,7,1,8
2019-09-20,2534,2,5,3,4
2019-09-21,6342,6,3,4,2
2019-09-22,6089,6,0,8,9
2019-09-23,4489,4,4,8,9
2019-09-24,8277,8,2,7,7
2019-09-25,7292,7,2,9,2
2019-09-26,4882,4,8,8,2
2019-09-27,4347,4,3,4,7
2019-09-28,1071,1,0,7,1
2019-09-29,3579,3,5,7,9
2019-09-30,0361,0,3,6,1
2019-10-01,7153,7,1,5,3
2019-10-02,6019,6,0,1,9
2019-10-03,1776,1,7,7,6
2019-10-04,5033,5,0,3,3
2019-10-05,0544,0,5,4,4
2019-10-06,0757,0,7,5,7
2019-10-07,9546,9,5,4,6
2019-10-08,9276,9,2,7,6
2019-10-09,3422,3,4,2,2
2019-10-10,8618,8,6,1,8
2019-10-11,8080,8,0,8,0
2019-10-12,1797,1,7,9,7
2019-10-13,4088,4,0,8,8
2019-10-14,7385,7,3,8,5
2019-10-15,0386,0,3,8,6
2019-10-16,1936,1,9,3,6
2019-10-17,6813,6,8,1,3
2019-10-18,1680,1,6,8,0
2019-10-19,9920,9,9,2,0
2019-10-20,6650,6,6,5,0
2019-10-21,5238,5,2,3,8
2019-10-22,6713,6,7,1,3
2019-10-23,4592,4,5,9,2
2019-10-24,1058,1,0,5,8
2019-10-25,3539,3,5,3,9
2019-10-26,2151,2,1,5,1
2019-10-27,5578,5,5,7,8
2019-10-28,2068,2,0,6,8
2019-10-29,4122,4,1,2,2
2019-10-30,8134,8,1,3,4
2019-10-31,1477,1,4,7,7
2019-11-01,0015,0,0,1,5
2019-11-02,0494,0,4,9,4
2019-11-03,6479,6,4,7,9
2019-11-04,7004,7,0,0,4
2019-11-05,8689,8,6,8,9
2019-11-06,7385,7,3,8,5
2019-11-07,2209,2,2,0,9
2019-11-08,3208,3,2,0,8
2019-11-09,4189,4,1,8,9
2019-11-10,4624,4,6,2,4
2019-11-11,5421,5,4,2,1
2019-11-12,9380,9,3,8,0
2019-11-13,5547,5,5,4,7
2019-11-14,0772,0,7,7,2
2019-11-15,7628,7,6,2,8
2019-11-16,3671,3,6,7,1
2019-11-17,7064,7,0,6,4
2019-11-18,3347,3,3,4,7
2019-11-19,0182,0,1,8,2
2019-11-20,1309,1,3,0,9
2019-11-21,6371,6,3,7,1
2019-11-22,3439,3,4,3,9
2019-11-23,6577,6,5,7,7
2019-11-24,3035,3,0,3,5
2019-11-25,9934,9,9,3,4
2019-11-26,7726,7,7,2,6
2019-11-27,0595,0,5,9,5
2019-11-28,1306,1,3,0,6
2019-11-29,8315,8,3,1,5
2019-11-30,7755,7,7,5,5
2019-12-01,2114,2,1,1,4
2019-12-02,0480,0,4,8,0
2019-12-03,9437,9,4,3,7
2019-12-04,6975,6,9,7,5
2019-12-05,5660,5,6,6,0
2019-12-06,2913,2,9,1,3
2019-12-07,0924,0,9,2,4
2019-12-08,1485,1,4,8,5
2019-12-09,8114,8,1,1,4
2019-12-10,3347,3,3,4,7
2019-12-11,9081,9,0,8,1
2019-12-12,3837,3,8,3,7
2019-12-13,0098,0,0,9,8
2019-12-14,5975,5,9,7,5
2019-12-15,9663,9,6,6,3
2019-12-16,1407,1,4,0,7
2019-12-17,7461,7,4,6,1
2019-12-18,5654,5,6,5,4
2019-12-19,8756,8,7,5,6
2019-12-20,9998,9,9,9,8
2019-12-21,6183,6,1,8,3
2019-12-22,3596,3,5,9,6
2019-12-23,5417,5,4,1,7
2019-12-24,9653,9,6,5,3
2019-12-25,2422,2,4,2,2
2019-12-26,0997,0,9,9,7
2019-12-27,7149,7,1,4,9
2019-12-28,6499,6,4,9,9
2019-12-29,4374,4,3,7,4
2019-12-30,8287,8,2,8,7
2019-12-31,2239,2,2,3,9
2020-01-01,4011,4,0,1,1
2020-01-02,2501,2,5,0,1
2020-01-03,2163,2,1,6,3
2020-01-04,3112,3,1,1,2
2020-01-05,5270,5,2,7,0
2020-01-06,0701,0,7,0,1
2020-01-07,3493,3,4,9,3
2020-01-08,0348,0,3,4,8
2020-01-09,7822,7,8,2,2
2020-01-10,4495,4,4,9,5
2020-01-11,4165,4,1,6,5
2020-01-12,5481,5,4,8,1
2020-01-13,5412,5,4,1,2
2020-01-14,4155,4,1,5,5
2020-01-15,0517,0,5,1,7
2020-01-16,6301,6,3,0,1
2020-01-17,6035,6,0,3,5
2020-01-18,0027,0,0,2,7
2020-01-19,1529,1,5,2,9
2020-01-20,6196,6,1,9,6
2020-01-21,0255,0,2,5,5
2020-01-22,2780,2,7,8,0
2020-01-23,6096,6,0,9,6
2020-01-24,4675,4,6,7,5
2020-01-25,2846,2,8,4,6
2020-01-26,3094,3,0,9,4
2020-01-27,2048,2,0,4,8
2020-01-28,3060,3,0,6,0
2020-01-29,4247,4,2,4,7
2020-01-30,5278,5,2,7,8
2020-01-31,8820,8,8,2,0
2020-02-01,6865,6,8,6,5
2020-02-02,4645,4,6,4,5
2020-02-03,4069,4,0,6,9
2020-02-04,5987,5,9,8,7
2020-02-05,7042,7,0,4,2
2020-02-06,0307,0,3,0,7
2020-02-07,6832,6,8,3,2
2020-02-08,5947,5,9,4,7
2020-02-09,7415,7,4,1,5
2020-02-10,7432,7,4,3,2
2020-02-11,3819,3,8,1,9
2020-02-12,5619,5,6,1,9
2020-02-13,5686,5,6,8,6
2020-02-14,7181,7,1,8,1
2020-02-15,2184,2,1,8,4
2020-02-16,2061,2,0,6,1
2020-02-17,7506,7,5,0,6
2020-02-18,7954,7,9,5,4
2020-02-19,8814,8,8,1,4
2020-02-20,1862,1,8,6,2
2020-02-21,6542,6,5,4,2
2020-02-22,0438,0,4,3,8
2020-02-23,3850,3,8,5,0
2020-02-24,9615,9,6,1,5
2020-02-25,1308,1,3,0,8
2020-02-26,6072,6,0,7,2
2020-02-27,1230,1,2,3,0
2020-02-28,1029,1,0,2,9
2020-02-29,9795,9,7,9,5
2020-03-01,5211,5,2,1,1
2020-03-02,9891,9,8,9,1
2020-03-03,0275,0,2,7,5
2020-03-04,4395,4,3,9,5
2020-03-05,8502,8,5,0,2
2020-03-06,1226,1,2,2,6
2020-03-07,9046,9,0,4,6
2020-03-08,4824,4,8,2,4
2020-03-09,3812,3,8,1,2
2020-03-10,9109,9,1,0,9
2020-03-11,7761,7,7,6,1
2020-03-12,5970,5,9,7,0
2020-03-13,8741,8,7,4,1
2020-03-14,3634,3,6,3,4
2020-03-15,8854,8,8,5,4
2020-03-16,3136,3,1,3,6
2020-03-17,9047,9,0,4,7
2020-03-18,0420,0,4,2,0
2020-03-19,1072,1,0,7,2
2020-03-20,8340,8,3,4,0
2020-03-21,5816,5,8,1,6
2020-03-22,6593,6,5,9,3
2020-03-23,3052,3,0,5,2
2020-03-24,3269,3,2,6,9
2020-03-25,5602,5,6,0,2
2020-03-26,4577,4,5,7,7
2020-03-27,8614,8,6,1,4
2020-03-28,5360,5,3,6,0
2020-03-29,4281,4,2,8,1
2020-03-30,1134,1,1,3,4
2020-03-31,8943,8,9,4,3
2020-04-01,1962,1,9,6,2
2020-04-02,5309,5,3,0,9
2020-04-03,5494,5,4,9,4
2020-04-04,9670,9,6,7,0
2020-04-05,4326,4,3,2,6
2020-04-06,4168,4,1,6,8
2020-04-07,8183,8,1,8,3
2020-04-08,7676,7,6,7,6
2020-04-09,4947,4,9,4,7
2020-04-10,9285,9,2,8,5
2020-04-11,7162,7,1,6,2
2020-04-12,4830,4,8,3,0
2020-04-13,1171,1,1,7,1
2020-04-14,9846,9,8,4,6
2020-04-15,0793,0,7,9,3
2020-04-16,8005,8,0,0,5
2020-04-17,3027,3,0,2,7
2020-04-18,9798,9,7,9,8
2020-04-19,1858,1,8,5,8
2020-04-20,5221,5,2,2,1
2020-04-21,1223,1,2,2,3
2020-04-22,5783,5,7,8,3
2020-04-23,1095,1,0,9,5
2020-04-24,7147,7,1,4,7
2020-04-25,7273,7,2,7,3
2020-04-26,4007,4,0,0,7
2020-04-27,5749,5,7,4,9
2020-04-28,2735,2,7,3,5
2020-04-29,1953,1,9,5,3
2020-04-30,7334,7,3,3,4
2020-05-01,0475,0,4,7,5
2020-05-02,0863,0,8,6,3
2020-05-03,2983,2,9,8,3
2020-05-04,2085,2,0,8,5
2020-05-05,3178,3,1,7,8
2020-05-06,6001,6,0,0,1
2020-05-07,9407,9,4,0,7
2020-05-08,7400,7,4,0,0
2020-05-09,5057,5,0,5,7
2020-05-10,0114,0,1,1,4
2020-05-11,6942,6,9,4,2
2020-05-12,2827,2,8,2,7
2020-05-13,8093,8,0,9,3
2020-05-14,4157,4,1,5,7
2020-05-15,0726,0,7,2,6
2020-05-16,4051,4,0,5,1
2020-05-17,6762,6,7,6,2
2020-05-18,1165,1,1,6,5
2020-05-19,5106,5,1,0,6
2020-05-20,2638,2,6,3,8
2020-05-21,0651,0,6,5,1
2020-05-22,6064,6,0,6,4
2020-05-23,5301,5,3,0,1
2020-05-24,0154,0,1,5,4
2020-05-25,4031,4,0,3,1
2020-05-26,4376,4,3,7,6
2020-05-27,8043,8,0,4,3
2020-05-28,4246,4,2,4,6
2020-05-29,7814,7,8,1,4
2020-05-30,5861,5,8,6,1
2020-05-31,8699,8,6,9,9
2020-06-01,9578,9,5,7,8
2020-06-02,8892,8,8,9,2
2020-06-03,9060,9,0,6,0
2020-06-04,2187,2,1,8,7
2020-06-05,5656,5,6,5,6
2020-06-06,4926,4,9,2,6
2020-06-07,3623,3,6,2,3
2020-06-08,0821,0,8,2,1
2020-06-09,1917,1,9,1,7
2020-06-10,6751,6,7,5,1
2020-06-11,6305,6,3,0,5
2020-06-12,1606,1,6,0,6
2020-06-13,6191,6,1,9,1
2020-06-14,4202,4,2,0,2
2020-06-15,8768,8,7,6,8
2020-06-16,9557,9,5,5,7
2020-06-17,7654,7,6,5,4
2020-06-18,3200,3,2,0,0
2020-06-19,0548,0,5,4,8
2020-06-20,7301,7,3,0,1
2020-06-21,6947,6,9,4,7
2020-06-22,2789,2,7,8,9
2020-06-23,2905,2,9,0,5
2020-06-24,2108,2,1,0,8
2020-06-25,0049,0,0,4,9
2020-06-26,6421,6,4,2,1
2020-06-27,0557,0,5,5,7
2020-06-28,2166,2,1,6,6
2020-06-29,7685,7,6,8,5
2020-06-30,4595,4,5,9,5
2020-07-01,0009,0,0,0,9
2020-07-02,5648,5,6,4,8
2020-07-03,0603,0,6,0,3
2020-07-04,0612,0,6,1,2
2020-07-05,1267,1,2,6,7
2020-07-06,2437,2,4,3,7
2020-07-07,2174,2,1,7,4
2020-07-08,1099,1,0,9,9
2020-07-09,7482,7,4,8,2
2020-07-10,9298,9,2,9,8
2020-07-11,2636,2,6,3,6
2020-07-12,6560,6,5,6,0
2020-07-13,3969,3,9,6,9
2020-07-14,8904,8,9,0,4
2020-07-15,4396,4,3,9,6
2020-07-16,7642,7,6,4,2
2020-07-17,1541,1,5,4,1
2020-07-18,2784,2,7,8,4
2020-07-19,5064,5,0,6,4
2020-07-20,9316,9,3,1,6
2020-07-21,4775,4,7,7,5
2020-07-22,9381,9,3,8,1
2020-07-23,8467,8,4,6,7
2020-07-24,9169,9,1,6,9
2020-07-25,6960,6,9,6,0
2020-07-26,3462,3,4,6,2
2020-07-27,5570,5,5,7,0
2020-07-28,9787,9,7,8,7
2020-07-29,7289,7,2,8,9
2020-07-30,4841,4,8,4,1
2020-07-31,9768,9,7,6,8
2020-08-01,6322,6,3,2,2
2020-08-02,0697,0,6,9,7
2020-08-03,5873,5,8,7,3
2020-08-04,5151,5,1,5,1
2020-08-05,4996,4,9,9,6
2020-08-06,0253,0,2,5,3
2020-08-07,6909,6,9,0,9
2020-08-08,3277,3,2,7,7
2020-08-09,6255,6,2,5,5
2020-08-10,1969,1,9,6,9
2020-08-11,9151,9,1,5,1
2020-08-12,6549,6,5,4,9
2020-08-13,4562,4,5,6,2
2020-08-14,4531,4,5,3,1
2020-08-15,6881,6,8,8,1
2020-08-16,9714,9,7,1,4
2020-08-17,1720,1,7,2,0
2020-08-18,0804,0,8,0,4
2020-08-19,9899,9,8,9,9
2020-08-20,3925,3,9,2,5
2020-08-21,2369,2,3,6,9
2020-08-22,3528,3,5,2,8
2020-08-23,2393,2,3,9,3
2020-08-24,1900,1,9,0,0
2020-08-25,3042,3,0,4,2
2020-08-26,0610,0,6,1,0
2020-08-27,1645,1,6,4,5
2020-08-28,3649,3,6,4,9
2020-08-29,0767,0,7,6,7
2020-08-30,2513,2,5,1,3
2020-08-31,2059,2,0,5,9
2020-09-01,1434,1,4,3,4
2020-09-02,3518,3,5,1,8
2020-09-03,9415,9,4,1,5
2020-09-04,6582,6,5,8,2
2020-09-05,4466,4,4,6,6
2020-09-06,0693,0,6,9,3
2020-09-07,5874,5,8,7,4
2020-09-08,9376,9,3,7,6
2020-09-09,3159,3,1,5,9
2020-09-10,9485,9,4,8,5
2020-09-11,1684,1,6,8,4
2020-09-12,6988,6,9,8,8
2020-09-13,8219,8,2,1,9
2020-09-14,7429,7,4,2,9
2020-09-15,2787,2,7,8,7
2020-09-16,8024,8,0,2,4
2020-09-17,7986,7,9,8,6
2020-09-18,6872,6,8,7,2
2020-09-19,0666,0,6,6,6
2020-09-20,7358,7,3,5,8
2020-09-21,7267,7,2,6,7
2020-09-22,3857,3,8,5,7
2020-09-23,7022,7,0,2,2
2020-09-24,1824,1,8,2,4
2020-09-25,0646,0,6,4,6
2020-09-26,6171,6,1,7,1
2020-09-27,1459,1,4,5,9
2020-09-28,6885,6,8,8,5
2020-09-29,2635,2,6,3,5
2020-09-30,3911,3,9,1,1
2020-10-01,8583,8,5,8,3
2020-10-02,3115,3,1,1,5
2020-10-03,8465,8,4,6,5
2020-10-04,6175,6,1,7,5
2020-10-05,3086,3,0,8,6
2020-10-06,9559,9,5,5,9
2020-10-07,9896,9,8,9,6
2020-10-08,3397,3,3,9,7
2020-10-09,6924,6,9,2,4
2020-10-10,4423,4,4,2,3
2020-10-11,2630,2,6,3,0
2020-10-12,9334,9,3,3,4
2020-10-13,3407,3,4,0,7
2020-10-14,1118,1,1,1,8
2020-10-15,7420,7,4,2,0
2020-10-16,1606,1,6,0,6
2020-10-17,3918,3,9,1,8
2020-10-18,7780,7,7,8,0
2020-10-19,4843,4,8,4,3
2020-10-20,1896,1,8,9,6
2020-10-21,9230,9,2,3,0
2020-10-22,7227,7,2,2,7
2020-10-23,2392,2,3,9,2
2020-10-24,4110,4,1,1,0
2020-10-25,0525,0,5,2,5
2020-10-26,0005,0,0,0,5
2020-10-27,7651,7,6,5,1
2020-10-28,8645,8,6,4,5
2020-10-29,7940,7,9,4,0
2020-10-30,2161,2,1,6,1
2020-10-31,0837,0,8,3,7
2020-11-01,9424,9,4,2,4
2020-11-02,8121,8,1,2,1
2020-11-03,8526,8,5,2,6
2020-11-04,4635,4,6,3,5
2020-11-05,4501,4,5,0,1
2020-11-06,0995,0,9,9,5
2020-11-07,7125,7,1,2,5
2020-11-08,1903,1,9,0,3
2020-11-09,5189,5,1,8,9
2020-11-10,2049,2,0,4,9
2020-11-11,6937,6,9,3,7
2020-11-12,0576,0,5,7,6
2020-11-13,1961,1,9,6,1
2020-11-14,0791,0,7,9,1
2020-11-15,2882,2,8,8,2
2020-11-16,8470,8,4,7,0
2020-11-17,7092,7,0,9,2
2020-11-18,9156,9,1,5,6
2020-11-19,7883,7,8,8,3
2020-11-20,0824,0,8,2,4
2020-11-21,0339,0,3,3,9
2020-11-22,8195,8,1,9,5
2020-11-23,1878,1,8,7,8
2020-11-24,4836,4,8,3,6
2020-11-25,4183,4,1,8,3
2020-11-26,3640,3,6,4,0
2020-11-27,9248,9,2,4,8
2020-11-28,1966,1,9,6,6
2020-11-29,9782,9,7,8,2
2020-11-30,4954,4,9,5,4
2020-12-01,2072,2,0,7,2
2020-12-02,6138,6,1,3,8
2020-12-03,2512,2,5,1,2
2020-12-04,9607,9,6,0,7
2020-12-05,2964,2,9,6,4
2020-12-06,4536,4,5,3,6
2020-12-07,0169,0,1,6,9
2020-12-08,7567,7,5,6,7
2020-12-09,5593,5,5,9,3
2020-12-10,6066,6,0,6,6
2020-12-11,2586,2,5,8,6
2020-12-12,1761,1,7,6,1
2020-12-13,1644,1,6,4,4
2020-12-14,6054,6,0,5,4
2020-12-15,6213,6,2,1,3
2020-12-16,0076,0,0,7,6
2020-12-17,0837,0,8,3,7
2020-12-18,4651,4,6,5,1
2020-12-19,1998,1,9,9,8
2020-12-20,0356,0,3,5,6
2020-12-21,7835,7,8,3,5
2020-12-22,6348,6,3,4,8
2020-12-23,6186,6,1,8,6
2020-12-24,2979,2,9,7,9
2020-12-25,3748,3,7,4,8
2020-12-26,2938,2,9,3,8
2020-12-27,3414,3,4,1,4
2020-12-28,7798,7,7,9,8
2020-12-29,9194,9,1,9,4
2020-12-30,2326,2,3,2,6
2020-12-31,7904,7,9,0,4
2021-01-01,6446,6,4,4,6
2021-01-02,1222,1,2,2,2
2021-01-03,9029,9,0,2,9
2021-01-04,1614,1,6,1,4
2021-01-05,7536,7,5,3,6
2021-01-06,5694,5,6,9,4
2021-01-07,5726,5,7,2,6
2021-01-08,0790,0,7,9,0
2021-01-09,7162,7,1,6,2
2021-01-10,3142,3,1,4,2
2021-01-11,7573,7,5,7,3
2021-01-12,5476,5,4,7,6
2021-01-13,0423,0,4,2,3
2021-01-14,8128,8,1,2,8
2021-01-15,4400,4,4,0,0
2021-01-16,6456,6,4,5,6
2021-01-17,8465,8,4,6,5
2021-01-18,6341,6,3,4,1
2021-01-19,0416,0,4,1,6
2021-01-20,2813,2,8,1,3
2021-01-21,6688,6,6,8,8
2021-01-22,0386,0,3,8,6
2021-01-23,6348,6,3,4,8
2021-01-24,6479,6,4,7,9
2021-01-25,3469,3,4,6,9
2021-01-26,4042,4,0,4,2
2021-01-27,5802,5,8,0,2
2021-01-28,2390,2,3,9,0
2021-01-29,1768,1,7,6,8
2021-01-30,3774,3,7,7,4
2021-01-31,7988,7,9,8,8
2021-02-01,5559,5,5,5,9
2021-02-02,1293,1,2,9,3
2021-02-03,3948,3,9,4,8
2021-02-04,4589,4,5,8,9
2021-02-05,6870,6,8,7,0
2021-02-06,5376,5,3,7,6
2021-02-07,7149,7,1,4,9
2021-02-08,4788,4,7,8,8
2021-02-09,1172,1,1,7,2
2021-02-10,4489,4,4,8,9
2021-02-11,1764,1,7,6,4
2021-02-12,7045,7,0,4,5
2021-02-13,5912,5,9,1,2
2021-02-14,1932,1,9,3,2
2021-02-15,5261,5,2,6,1
2021-02-16,6153,6,1,5,3
2021-02-17,9523,9,5,2,3
2021-02-18,7606,7,6,0,6
2021-02-19,4220,4,2,2,0
2021-02-20,2076,2,0,7,6
2021-02-21,3138,3,1,3,8
2021-02-22,2797,2,7,9,7
2021-02-23,5247,5,2,4,7
2021-02-24,0826,0,8,2,6
2021-02-25,7998,7,9,9,8
2021-02-26,5117,5,1,1,7
2021-02-27,0664,0,6,6,4
2021-02-28,7732,7,7,3,2
2021-03-01,4149,4,1,4,9
2021-03-02,2367,2,3,6,7
2021-03-03,8024,8,0,2,4
2021-03-04,2782,2,7,8,2
2021-03-05,3452,3,4,5,2
2021-03-06,7954,7,9,5,4
2021-03-07,9309,9,3,0,9
2021-03-08,2735,2,7,3,5
2021-03-09,6460,6,4,6,0
2021-03-10,9496,9,4,9,6
2021-03-11,1984,1,9,8,4
2021-03-12,2400,2,4,0,0
2021-03-13,2170,2,1,7,0
2021-03-14,6128,6,1,2,8
2021-03-15,9960,9,9,6,0
2021-03-16,1279,1,2,7,9
2021-03-17,1631,1,6,3,1
2021-03-18,2871,2,8,7,1
2021-03-19,0351,0,3,5,1
2021-03-20,9650,9,6,5,0
2021-03-21,1862,1,8,6,2
2021-03-22,5714,5,7,1,4
2021-03-23,6895,6,8,9,5
2021-03-24,0732,0,7,3,2
2021-03-25,2152,2,1,5,2
2021-03-26,8956,8,9,5,6
2021-03-27,4672,4,6,7,2
2021-03-28,8495,8,4,9,5
2021-03-29,1446,1,4,4,6
2021-03-30,2157,2,1,5,7
2021-03-31,7433,7,4,3,3
2021-04-01,1258,1,2,5,8
2021-04-02,5735,5,7,3,5
2021-04-03,3104,3,1,0,4
2021-04-04,5049,5,0,4,9
2021-04-05,5218,5,2,1,8
2021-04-06,4469,4,4,6,9
2021-04-07,2608,2,6,0,8
2021-04-08,8901,8,9,0,1
2021-04-09,9721,9,7,2,1
2021-04-10,9557,9,5,5,7
2021-04-11,9740,9,7,4,0
2021-04-12,9190,9,1,9,0
2021-04-13,5277,5,2,7,7
2021-04-14,3415,3,4,1,5
2021-04-15,4667,4,6,6,7
2021-04-16,7419,7,4,1,9
2021-04-17,4107,4,1,0,7
2021-04-18,8097,8,0,9,7
2021-04-19,5796,5,7,9,6
2021-04-20,5154,5,1,5,4
2021-04-21,4431,4,4,3,1
2021-04-22,2113,2,1,1,3
2021-04-23,9693,9,6,9,3
2021-04-24,4790,4,7,9,0
2021-04-25,7631,7,6,3,1
2021-04-26,3701,3,7,0,1
2021-04-27,8311,8,3,1,1
2021-04-28,9437,9,4,3,7
2021-04-29,9877,9,8,7,7
2021-04-30,1254,1,2,5,4
2021-05-01,6081,6,0,8,1
2021-05-02,6324,6,3,2,4
2021-05-03,5318,5,3,1,8
2021-05-04,3915,3,9,1,5
2021-05-05,4736,4,7,3,6
2021-05-06,5609,5,6,0,9
2021-05-07,5194,5,1,9,4
2021-05-08,2427,2,4,2,7
2021-05-09,6411,6,4,1,1
2021-05-10,2934,2,9,3,4
2021-05-11,3072,3,0,7,2
2021-05-12,2765,2,7,6,5
2021-05-13,5422,5,4,2,2
2021-05-14,3146,3,1,4,6
2021-05-15,3901,3,9,0,1
2021-05-16,2571,2,5,7,1
2021-05-17,4823,4,8,2,3
2021-05-18,9718,9,7,1,8
2021-05-19,6011,6,0,1,1
2021-05-20,1587,1,5,8,7
2021-05-21,2682,2,6,8,2
2021-05-22,4402,4,4,0,2
2021-05-23,8179,8,1,7,9
2021-05-24,5814,5,8,1,4
2021-05-25,6591,6,5,9,1
2021-05-26,4568,4,5,6,8
2021-05-27,1027,1,0,2,7
2021-05-28,0343,0,3,4,3
2021-05-29,2026,2,0,2,6
2021-05-30,9225,9,2,2,5
2021-05-31,5346,5,3,4,6
2021-06-01,1310,1,3,1,0
2021-06-02,6801,6,8,0,1
2021-06-03,0944,0,9,4,4
2021-06-04,9248,9,2,4,8
2021-06-05,6363,6,3,6,3
2021-06-06,9346,9,3,4,6
2021-06-07,0870,0,8,7,0
2021-06-08,6358,6,3,5,8
2021-06-09,8180,8,1,8,0
2021-06-10,0945,0,9,4,5
2021-06-11,1465,1,4,6,5
2021-06-12,7958,7,9,5,8
2021-06-13,4193,4,1,9,3
2021-06-14,3145,3,1,4,5
2021-06-15,8255,8,2,5,5
2021-06-16,5892,5,8,9,2
2021-06-17,2609,2,6,0,9
2021-06-18,5332,5,3,3,2
2021-06-19,1742,1,7,4,2
2021-06-20,3982,3,9,8,2
2021-06-21,9206,9,2,0,6
2021-06-22,1323,1,3,2,3
2021-06-23,8879,8,8,7,9
2021-06-24,0973,0,9,7,3
2021-06-25,9804,9,8,0,4
2021-06-26,0229,0,2,2,9
2021-06-27,0917,0,9,1,7
2021-06-28,8713,8,7,1,3
2021-06-29,7299,7,2,9,9
2021-06-30,3346,3,3,4,6
2021-07-01,6107,6,1,0,7
2021-07-02,6987,6,9,8,7
2021-07-03,2083,2,0,8,3
2021-07-04,1739,1,7,3,9
2021-07-05,6159,6,1,5,9
2021-07-06,9841,9,8,4,1
2021-07-07,7740,7,7,4,0
2021-07-08,2099,2,0,9,9
2021-07-09,9255,9,2,5,5
2021-07-10,8528,8,5,2,8
2021-07-11,9815,9,8,1,5
2021-07-12,7138,7,1,3,8
2021-07-13,4382,4,3,8,2
2021-07-14,9408,9,4,0,8
2021-07-15,5675,5,6,7,5
2021-07-16,8905,8,9,0,5
2021-07-17,9192,9,1,9,2
2021-07-18,2290,2,2,9,0
2021-07-19,9963,9,9,6,3
2021-07-20,7818,7,8,1,8
2021-07-21,2029,2,0,2,9
2021-07-22,3278,3,2,7,8
2021-07-23,9090,9,0,9,0
2021-07-24,0442,0,4,4,2
2021-07-25,0581,0,5,8,1
2021-07-26,0892,0,8,9,2
2021-07-27,8158,8,1,5,8
2021-07-28,2916,2,9,1,6
2021-07-29,8574,8,5,7,4
2021-07-30,9276,9,2,7,6
2021-07-31,9133,9,1,3,3
2021-08-01,3086,3,0,8,6
2021-08-02,2964,2,9,6,4
2021-08-03,7156,7,1,5,6
2021-08-04,8030,8,0,3,0
2021-08-05,2519,2,5,1,9
2021-08-06,0117,0,1,1,7
2021-08-07,1287,1,2,8,7
2021-08-08,6052,6,0,5,2
2021-08-09,0668,0,6,6,8
2021-08-10,9839,9,8,3,9
2021-08-11,0041,0,0,4,1
2021-08-12,7184,7,1,8,4
2021-08-13,9153,9,1,5,3
2021-08-14,6997,6,9,9,7
2021-08-15,1600,1,6,0,0
2021-08-16,2275,2,2,7,5
2021-08-17,9881,9,8,8,1
2021-08-18,2947,2,9,4,7
2021-08-19,3721,3,7,2,1
2021-08-20,9960,9,9,6,0
2021-08-21,4712,4,7,1,2
2021-08-22,8365,8,3,6,5
2021-08-23,7236,7,2,3,6
2021-08-24,2818,2,8,1,8
2021-08-25,0062,0,0,6,2
2021-08-26,3381,3,3,8,1
2021-08-27,7305,7,3,0,5
2021-08-28,8379,8,3,7,9
2021-08-29,8778,8,7,7,8
2021-08-30,3148,3,1,4,8
2021-08-31,8072,8,0,7,2
2021-09-01,3926,3,9,2,6
2021-09-02,3312,3,3,1,2
2021-09-03,2106,2,1,0,6
2021-09-04,0999,0,9,9,9
2021-09-05,2250,2,2,5,0
2021-09-06,2990,2,9,9,0
2021-09-07,0890,0,8,9,0
2021-09-08,3035,3,0,3,5
2021-09-09,9620,9,6,2,0
2021-09-10,7181,7,1,8,1
2021-09-11,0128,0,1,2,8
2021-09-12,1331,1,3,3,1
2021-09-13,0509,0,5,0,9
2021-09-14,6886,6,8,8,6
2021-09-15,2321,2,3,2,1
2021-09-16,8701,8,7,0,1
2021-09-17,6610,6,6,1,0
2021-09-18,1022,1,0,2,2
2021-09-19,0988,0,9,8,8
2021-09-20,7619,7,6,1,9
2021-09-21,6339,6,3,3,9
2021-09-22,9230,9,2,3,0
2021-09-23,2590,2,5,9,0
2021-09-24,0471,0,4,7,1
2021-09-25,5254,5,2,5,4
2021-09-26,0291,0,2,9,1
2021-09-27,1673,1,6,7,3
2021-09-28,5076,5,0,7,6
2021-09-29,8710,8,7,1,0
2021-09-30,1808,1,8,0,8
2021-10-01,6779,6,7,7,9
2021-10-02,8269,8,2,6,9
2021-10-03,0094,0,0,9,4
2021-10-04,2102,2,1,0,2
2021-10-05,9454,9,4,5,4
2021-10-06,0953,0,9,5,3
2021-10-07,8902,8,9,0,2
2021-10-08,7009,7,0,0,9
2021-10-09,3985,3,9,8,5
2021-10-10,8381,8,3,8,1
2021-10-11,9436,9,4,3,6
2021-10-12,4761,4,7,6,1
2021-10-13,5858,5,8,5,8
2021-10-14,6612,6,6,1,2
2021-10-15,9824,9,8,2,4
2021-10-16,9122,9,1,2,2
2021-10-17,9329,9,3,2,9
2021-10-18,1828,1,8,2,8
2021-10-19,9543,9,5,4,3
2021-10-20,6805,6,8,0,5
2021-10-21,8196,8,1,9,6
2021-10-22,6051,6,0,5,1
2021-10-23,3319,3,3,1,9
2021-10-24,4811,4,8,1,1
2021-10-25,8279,8,2,7,9
2021-10-26,6821,6,8,2,1
2021-10-27,8229,8,2,2,9
2021-10-28,2840,2,8,4,0
2021-10-29,6937,6,9,3,7
2021-10-30,4580,4,5,8,0
2021-10-31,2119,2,1,1,9
2021-11-01,3267,3,2,6,7
2021-11-02,7913,7,9,1,3
2021-11-03,0592,0,5,9,2
2021-11-04,8582,8,5,8,2
2021-11-05,3195,3,1,9,5
2021-11-06,7389,7,3,8,9
2021-11-07,5095,5,0,9,5
2021-11-08,8717,8,7,1,7
2021-11-09,9370,9,3,7,0
2021-11-10,0088,0,0,8,8
2021-11-11,3119,3,1,1,9
2021-11-12,3300,3,3,0,0
2021-11-13,0698,0,6,9,8
2021-11-14,5702,5,7,0,2
2021-11-15,1664,1,6,6,4
2021-11-16,1959,1,9,5,9
2021-11-17,0846,0,8,4,6
2021-11-18,1393,1,3,9,3
2021-11-19,1991,1,9,9,1
2021-11-20,9420,9,4,2,0
2021-11-21,7847,7,8,4,7
2021-11-22,2992,2,9,9,2
2021-11-23,8220,8,2,2,0
2021-11-24,0280,0,2,8,0
2021-11-25,5008,5,0,0,8
2021-11-26,1885,1,8,8,5
2021-11-27,2383,2,3,8,3
2021-11-28,6607,6,6,0,7
2021-11-29,2316,2,3,1,6
2021-11-30,6357,6,3,5,7
2021-12-01,2988,2,9,8,8
2021-12-02,9417,9,4,1,7
2021-12-03,2753,2,7,5,3
2021-12-04,4975,4,9,7,5
2021-12-05,7669,7,6,6,9
2021-12-06,8896,8,8,9,6
2021-12-07,6725,6,7,2,5
2021-12-08,2877,2,8,7,7
2021-12-09,0438,0,4,3,8
2021-12-10,7136,7,1,3,6
2021-12-11,2634,2,6,3,4
2021-12-12,8126,8,1,2,6
2021-12-13,6109,6,1,0,9
2021-12-14,0912,0,9,1,2
2021-12-15,4196,4,1,9,6
2021-12-16,6714,6,7,1,4
2021-12-17,9007,9,0,0,7
2021-12-18,8428,8,4,2,8
2021-12-19,9824,9,8,2,4
2021-12-20,8349,8,3,4,9
2021-12-21,4821,4,8,2,1
2021-12-22,9932,9,9,3,2
2021-12-23,1735,1,7,3,5
2021-12-24,0320,0,3,2,0
2021-12-25,0756,0,7,5,6
2021-12-26,9264,9,2,6,4
2021-12-27,8649,8,6,4,9
2021-12-28,4031,4,0,3,1
2021-12-29,9447,9,4,4,7
2021-12-30,2004,2,0,0,4
2021-12-31,1603,1,6,0,3
2022-01-01,1059,1,0,5,9
2022-01-02,2768,2,7,6,8
2022-01-03,3082,3,0,8,2
2022-01-04,2695,2,6,9,5
2022-01-05,6933,6,9,3,3
2022-01-06,8575,8,5,7,5
2022-01-07,3100,3,1,0,0
2022-01-08,1362,1,3,6,2
2022-01-09,7696,7,6,9,6
2022-01-10,2722,2,7,2,2
2022-01-11,9873,9,8,7,3
2022-01-12,7572,7,5,7,2
2022-01-13,0292,0,2,9,2
2022-01-14,2996,2,9,9,6
2022-01-15,2425,2,4,2,5
2022-01-16,7083,7,0,8,3
2022-01-17,3040,3,0,4,0
2022-01-18,2323,2,3,2,3
2022-01-19,9899,9,8,9,9
2022-01-20,0135,0,1,3,5
2022-01-21,0295,0,2,9,5
2022-01-22,3870,3,8,7,0
2022-01-23,6791,6,7,9,1
2022-01-24,2059,2,0,5,9
2022-01-25,1348,1,3,4,8
2022-01-26,6160,6,1,6,0
2022-01-27,7602,7,6,0,2
2022-01-28,2716,2,7,1,6
2022-01-29,9993,9,9,9,3
2022-01-30,7698,7,6,9,8
2022-01-31,3202,3,2,0,2
2022-02-01,9340,9,3,4,0
2022-02-02,8752,8,7,5,2
2022-02-03,9940,9,9,4,0
2022-02-04,8550,8,5,5,0
2022-02-05,0928,0,9,2,8
2022-02-06,6091,6,0,9,1
2022-02-07,0213,0,2,1,3
2022-02-08,2701,2,7,0,1
2022-02-09,1760,1,7,6,0
2022-02-10,4309,4,3,0,9
2022-02-11,6715,6,7,1,5
2022-02-12,2611,2,6,1,1
2022-02-13,3471,3,4,7,1
2022-02-14,3268,3,2,6,8
2022-02-15,0498,0,4,9,8
2022-02-16,2058,2,0,5,8
2022-02-17,6565,6,5,6,5
2022-02-18,4687,4,6,8,7
2022-02-19,3442,3,4,4,2
2022-02-20,0394,0,3,9,4
2022-02-21,3510,3,5,1,0
2022-02-22,0061,0,0,6,1
2022-02-23,7297,7,2,9,7
2022-02-24,3969,3,9,6,9
2022-02-25,6146,6,1,4,6
2022-02-26,2155,2,1,5,5
2022-02-27,9189,9,1,8,9
2022-02-28,9652,9,6,5,2
2022-03-01,1691,1,6,9,1
2022-03-02,0229,0,2,2,9
2022-03-03,5285,5,2,8,5
2022-03-04,8118,8,1,1,8
2022-03-05,2091,2,0,9,1
2022-03-06,4860,4,8,6,0
2022-03-07,0512,0,5,1,2
2022-03-08,2076,2,0,7,6
2022-03-09,9313,9,3,1,3
2022-03-10,6530,6,5,3,0
2022-03-11,2116,2,1,1,6
2022-03-12,2590,2,5,9,0
2022-03-13,2033,2,0,3,3
2022-03-14,6990,6,9,9,0
2022-03-15,9961,9,9,6,1
2022-03-16,7094,7,0,9,4
2022-03-17,4576,4,5,7,6
2022-03-18,3381,3,3,8,1
2022-03-19,0260,0,2,6,0
2022-03-20,6652,6,6,5,2
2022-03-21,8028,8,0,2,8
2022-03-22,2345,2,3,4,5
2022-03-23,5153,5,1,5,3
2022-03-24,7213,7,2,1,3
2022-03-25,1185,1,1,8,5
2022-03-26,2267,2,2,6,7
2022-03-27,9323,9,3,2,3
2022-03-28,0089,0,0,8,9
2022-03-29,6423,6,4,2,3
2022-03-30,5644,5,6,4,4
2022-03-31,6331,6,3,3,1
2022-04-01,8019,8,0,1,9
2022-04-02,6080,6,0,8,0
2022-04-03,5833,5,8,3,3
2022-04-04,7320,7,3,2,0
2022-04-05,7162,7,1,6,2
2022-04-06,1492,1,4,9,2
2022-04-07,9590,9,5,9,0
2022-04-08,2079,2,0,7,9
2022-04-09,0651,0,6,5,1
2022-04-10,8433,8,4,3,3
2022-04-11,6513,6,5,1,3
2022-04-12,0461,0,4,6,1
2022-04-13,0744,0,7,4,4
2022-04-14,7008,7,0,0,8
2022-04-15,3104,3,1,0,4
2022-04-16,2782,2,7,8,2
2022-04-17,1874,1,8,7,4
2022-04-18,0687,0,6,8,7
2022-04-19,5362,5,3,6,2
2022-04-20,3928,3,9,2,8
2022-04-21,4835,4,8,3,5
2022-04-22,1773,1,7,7,3
2022-04-23,7291,7,2,9,1
2022-04-24,0362,0,3,6,2
2022-04-25,5376,5,3,7,6
2022-04-26,0157,0,1,5,7
2022-04-27,8008,8,0,0,8
2022-04-28,5003,5,0,0,3
2022-04-29,9249,9,2,4,9
2022-04-30,3392,3,3,9,2
2022-05-01,3684,3,6,8,4
2022-05-02,4207,4,2,0,7
2022-05-03,3464,3,4,6,4
2022-05-04,3209,3,2,0,9
2022-05-05,7302,7,3,0,2
2022-05-06,6263,6,2,6,3
2022-05-07,9148,9,1,4,8
2022-05-08,3205,3,2,0,5
2022-05-09,1835,1,8,3,5
2022-05-10,3529,3,5,2,9
2022-05-11,9853,9,8,5,3
2022-05-12,6532,6,5,3,2
2022-05-13,9801,9,8,0,1
2022-05-14,8949,8,9,4,9
2022-05-15,8597,8,5,9,7
2022-05-16,7072,7,0,7,2
2022-05-17,8143,8,1,4,3
2022-05-18,1309,1,3,0,9
2022-05-19,6485,6,4,8,5
2022-05-20,9367,9,3,6,7
2022-05-21,0644,0,6,4,4
2022-05-22,4258,4,2,5,8
2022-05-23,7182,7,1,8,2
2022-05-24,7660,7,6,6,0
2022-05-25,7106,7,1,0,6
2022-05-26,8308,8,3,0,8
2022-05-27,5162,5,1,6,2
2022-05-28,2885,2,8,8,5
2022-05-29,3802,3,8,0,2
2022-05-30,6717,6,7,1,7
2022-05-31,6989,6,9,8,9
2022-06-01,2393,2,3,9,3
2022-06-02,9938,9,9,3,8
2022-06-03,6416,6,4,1,6
2022-06-04,3232,3,2,3,2
2022-06-05,6169,6,1,6,9
2022-06-06,1959,1,9,5,9
2022-06-07,8176,8,1,7,6
2022-06-08,8793,8,7,9,3
2022-06-09,7691,7,6,9,1
2022-06-10,6217,6,2,1,7
2022-06-11,5087,5,0,8,7
2022-06-12,0083,0,0,8,3
2022-06-13,6253,6,2,5,3
2022-06-14,0441,0,4,4,1
2022-06-15,7592,7,5,9,2
2022-06-16,9751,9,7,5,1
2022-06-17,1356,1,3,5,6
2022-06-18,5923,5,9,2,3
2022-06-19,5477,5,4,7,7
2022-06-20,8548,8,5,4,8
2022-06-21,1571,1,5,7,1
2022-06-22,3516,3,5,1,6
2022-06-23,1350,1,3,5,0
2022-06-24,0229,0,2,2,9
2022-06-25,2775,2,7,7,5
2022-06-26,5610,5,6,1,0
2022-06-27,3282,3,2,8,2
2022-06-28,1935,1,9,3,5
2022-06-29,2028,2,0,2,8
2022-06-30,0166,0,1,6,6
2022-07-01,3568,3,5,6,8
2022-07-02,6413,6,4,1,3
2022-07-03,9811,9,8,1,1
2022-07-04,3127,3,1,2,7
2022-07-05,2039,2,0,3,9
2022-07-06,9098,9,0,9,8
2022-07-07,2041,2,0,4,1
2022-07-08,5124,5,1,2,4
2022-07-09,9087,9,0,8,7
2022-07-10,0746,0,7,4,6
2022-07-11,5774,5,7,7,4
2022-07-12,7838,7,8,3,8
2022-07-13,0628,0,6,2,8
2022-07-14,9579,9,5,7,9
2022-07-15,7032,7,0,3,2
2022-07-16,4413,4,4,1,3
2022-07-17,2014,2,0,1,4
2022-07-18,9927,9,9,2,7
2022-07-19,4755,4,7,5,5
2022-07-20,5348,5,3,4,8
2022-07-21,7882,7,8,8,2
2022-07-22,4890,4,8,9,0
2022-07-23,8852,8,8,5,2
2022-07-24,7076,7,0,7,6
2022-07-25,9959,9,9,5,9
2022-07-26,2599,2,5,9,9
2022-07-27,3222,3,2,2,2
2022-07-28,4669,4,6,6,9
2022-07-29,2706,2,7,0,6
2022-07-30,8533,8,5,3,3
2022-07-31,8673,8,6,7,3
2022-08-01,2737,2,7,3,7
2022-08-02,1465,1,4,6,5
2022-08-03,1369,1,3,6,9
2022-08-04,8442,8,4,4,2
2022-08-05,3957,3,9,5,7
2022-08-06,5761,5,7,6,1
2022-08-07,5218,5,2,1,8
2022-08-08,9956,9,9,5,6
2022-08-09,6749,6,7,4,9
2022-08-10,3891,3,8,9,1
2022-08-11,2871,2,8,7,1
2022-08-12,7153,7,1,5,3
2022-08-13,2881,2,8,8,1
2022-08-14,8644,8,6,4,4
2022-08-15,9680,9,6,8,0
2022-08-16,3892,3,8,9,2
2022-08-17,2951,2,9,5,1
2022-08-18,0435,0,4,3,5
2022-08-19,3917,3,9,1,7
2022-08-20,9802,9,8,0,2
2022-08-21,7065,7,0,6,5
2022-08-22,5232,5,2,3,2
2022-08-23,8870,8,8,7,0
2022-08-24,0239,0,2,3,9
2022-08-25,2969,2,9,6,9
2022-08-26,3839,3,8,3,9
2022-08-27,2719,2,7,1,9
2022-08-28,5688,5,6,8,8
2022-08-29,1370,1,3,7,0
2022-08-30,0391,0,3,9,1
2022-08-31,5262,5,2,6,2
2022-09-01,0729,0,7,2,9
2022-09-02,4864,4,8,6,4
2022-09-03,2327,2,3,2,7
2022-09-04,1528,1,5,2,8
2022-09-05,8767,8,7,6,7
2022-09-06,6051,6,0,5,1
2022-09-07,1066,1,0,6,6
2022-09-08,0098,0,0,9,8
2022-09-09,2623,2,6,2,3
2022-09-10,2750,2,7,5,0
2022-09-11,0821,0,8,2,1
2022-09-12,9333,9,3,3,3
2022-09-13,0996,0,9,9,6
2022-09-14,5134,5,1,3,4
2022-09-15,7511,7,5,1,1
2022-09-16,1403,1,4,0,3
2022-09-17,4307,4,3,0,7
2022-09-18,2151,2,1,5,1
2022-09-19,1746,1,7,4,6
2022-09-20,3460,3,4,6,0
2022-09-21,6950,6,9,5,0
2022-09-22,7028,7,0,2,8
2022-09-23,0625,0,6,2,5
2022-09-24,3892,3,8,9,2
2022-09-25,2957,2,9,5,7
2022-09-26,6003,6,0,0,3
2022-09-27,0797,0,7,9,7
2022-09-28,8125,8,1,2,5
2022-09-29,8341,8,3,4,1
2022-09-30,0273,0,2,7,3
2022-10-01,1554,1,5,5,4
2022-10-02,9833,9,8,3,3
2022-10-03,7825,7,8,2,5
2022-10-04,3207,3,2,0,7
2022-10-05,5893,5,8,9,3
2022-10-06,1104,1,1,0,4
2022-10-07,4037,4,0,3,7
2022-10-08,3122,3,1,2,2
2022-10-09,5229,5,2,2,9
2022-10-10,9559,9,5,5,9
2022-10-11,1938,1,9,3,8
2022-10-12,0245,0,2,4,5
2022-10-13,6483,6,4,8,3
2022-10-14,0884,0,8,8,4
2022-10-15,2576,2,5,7,6
2022-10-16,9898,9,8,9,8
2022-10-17,4290,4,2,9,0
2022-10-18,9904,9,9,0,4
2022-10-19,3476,3,4,7,6
2022-10-20,6423,6,4,2,3
2022-10-21,6294,6,2,9,4
2022-10-22,5208,5,2,0,8
2022-10-23,0484,0,4,8,4
2022-10-24,3253,3,2,5,3
2022-10-25,0670,0,6,7,0
2022-10-26,4995,4,9,9,5
2022-10-27,3407,3,4,0,7
2022-10-28,9133,9,1,3,3
2022-10-29,8094,8,0,9,4
2022-10-30,5827,5,8,2,7
2022-10-31,2457,2,4,5,7
2022-11-01,8886,8,8,8,6
2022-11-02,9543,9,5,4,3
2022-11-03,1801,1,8,0,1
2022-11-04,6572,6,5,7,2
2022-11-05,0264,0,2,6,4
2022-11-06,3214,3,2,1,4
2022-11-07,8838,8,8,3,8
2022-11-08,9647,9,6,4,7
2022-11-09,7209,7,2,0,9
2022-11-10,1162,1,1,6,2
2022-11-11,9011,9,0,1,1
2022-11-12,1767,1,7,6,7
2022-11-13,6663,6,6,6,3
2022-11-14,8155,8,1,5,5
2022-11-15,7286,7,2,8,6
2022-11-16,3695,3,6,9,5
2022-11-17,1878,1,8,7,8
2022-11-18,1713,1,7,1,3
2022-11-19,1870,1,8,7,0
2022-11-20,3523,3,5,2,3
2022-11-21,0761,0,7,6,1
2022-11-22,7222,7,2,2,2
2022-11-23,6430,6,4,3,0
2022-11-24,4740,4,7,4,0
2022-11-25,6405,6,4,0,5
2022-11-26,8767,8,7,6,7
2022-11-27,8097,8,0,9,7
2022-11-28,9620,9,6,2,0
2022-11-29,8682,8,6,8,2
2022-11-30,7346,7,3,4,6
2022-12-01,3625,3,6,2,5
2022-12-02,0360,0,3,6,0
2022-12-03,5796,5,7,9,6
2022-12-04,7995,7,9,9,5
2022-12-05,6487,6,4,8,7
2022-12-06,1834,1,8,3,4
2022-12-07,4170,4,1,7,0
2022-12-08,1355,1,3,5,5
2022-12-09,6841,6,8,4,1
2022-12-10,4460,4,4,6,0
2022-12-11,7905,7,9,0,5
2022-12-12,7923,7,9,2,3
2022-12-13,0050,0,0,5,0
2022-12-14,4752,4,7,5,2
2022-12-15,0295,0,2,9,5
2022-12-16,7943,7,9,4,3
2022-12-17,9003,9,0,0,3
2022-12-18,6704,6,7,0,4
2022-12-19,0102,0,1,0,2
2022-12-20,0992,0,9,9,2
2022-12-21,8124,8,1,2,4
2022-12-22,4207,4,2,0,7
2022-12-23,2445,2,4,4,5
2022-12-24,7871,7,8,7,1
2022-12-25,9851,9,8,5,1
2022-12-26,9377,9,3,7,7
2022-12-27,6094,6,0,9,4
2022-12-28,1145,1,1,4,5
2022-12-29,1379,1,3,7,9
2022-12-30,1095,1,0,9,5
2022-12-31,4597,4,5,9,7
2023-01-01,8559,8,5,5,9
2023-01-02,4970,4,9,7,0
2023-01-03,9476,9,4,7,6
2023-01-04,4034,4,0,3,4
2023-01-05,4765,4,7,6,5
2023-01-06,7636,7,6,3,6
2023-01-07,0955,0,9,5,5
2023-01-08,7968,7,9,6,8
2023-01-09,8570,8,5,7,0
2023-01-10,9275,9,2,7,5
2023-01-11,9957,9,9,5,7
2023-01-12,7768,7,7,6,8
2023-01-13,9240,9,2,4,0
2023-01-14,3148,3,1,4,8
2023-01-15,5744,5,7,4,4
2023-01-16,8306,8,3,0,6
2023-01-17,8445,8,4,4,5
2023-01-18,9742,9,7,4,2
2023-01-19,5723,5,7,2,3
2023-01-20,8639,8,6,3,9
2023-01-21,7286,7,2,8,6
2023-01-22,9997,9,9,9,7
2023-01-23,1489,1,4,8,9
2023-01-24,6761,6,7,6,1
2023-01-25,0557,0,5,5,7
2023-01-26,7408,7,4,0,8
2023-01-27,2841,2,8,4,1
2023-01-28,2425,2,4,2,5
2023-01-29,7199,7,1,9,9
2023-01-30,4229,4,2,2,9
2023-01-31,8922,8,9,2,2
2023-02-01,7123,7,1,2,3
2023-02-02,7382,7,3,8,2
2023-02-03,2289,2,2,8,9
2023-02-04,8023,8,0,2,3
2023-02-05,2344,2,3,4,4
2023-02-06,2068,2,0,6,8
2023-02-07,4149,4,1,4,9
2023-02-08,7057,7,0,5,7
2023-02-09,4189,4,1,8,9
2023-02-10,1770,1,7,7,0
2023-02-11,8078,8,0,7,8
2023-02-12,4692,4,6,9,2
2023-02-13,7454,7,4,5,4
2023-02-14,1756,1,7,5,6
2023-02-15,3745,3,7,4,5
2023-02-16,9029,9,0,2,9
2023-02-17,6615,6,6,1,5
2023-02-18,8893,8,8,9,3
2023-02-19,1931,1,9,3,1
2023-02-20,2653,2,6,5,3
2023-02-21,2644,2,6,4,4
2023-02-22,3300,3,3,0,0
2023-02-23,1758,1,7,5,8
2023-02-24,0173,0,1,7,3
2023-02-25,6743,6,7,4,3
2023-02-26,2541,2,5,4,1
2023-02-27,0443,0,4,4,3
2023-02-28,5162,5,1,6,2
2023-03-01,7667,7,6,6,7
2023-03-02,1301,1,3,0,1
2023-03-03,4741,4,7,4,1
2023-03-04,2122,2,1,2,2
2023-03-05,8127,8,1,2,7
2023-03-06,8450,8,4,5,0
2023-03-07,4719,4,7,1,9
2023-03-08,3078,3,0,7,8
2023-03-09,9447,9,4,4,7
2023-03-10,5108,5,1,0,8
2023-03-11,4076,4,0,7,6
2023-03-12,5066,5,0,6,6
2023-03-13,5393,5,3,9,3
2023-03-14,0817,0,8,1,7
2023-03-15,3074,3,0,7,4
2023-03-16,8977,8,9,7,7
2023-03-17,8856,8,8,5,6
2023-03-18,7479,7,4,7,9
2023-03-19,3993,3,9,9,3
2023-03-20,8837,8,8,3,7
2023-03-21,8521,8,5,2,1
2023-03-22,3871,3,8,7,1
2023-03-23,4923,4,9,2,3
2023-03-24,7841,7,8,4,1
2023-03-25,1159,1,1,5,9
2023-03-26,2243,2,2,4,3
2023-03-27,2099,2,0,9,9
2023-03-28,1827,1,8,2,7
2023-03-29,8432,8,4,3,2
2023-03-30,9596,9,5,9,6
2023-03-31,3833,3,8,3,3
2023-04-01,6520,6,5,2,0
2023-04-02,5239,5,2,3,9
2023-04-03,5579,5,5,7,9
2023-04-04,0931,0,9,3,1
2023-04-05,0427,0,4,2,7
2023-04-06,6953,6,9,5,3
2023-04-07,2609,2,6,0,9
2023-04-08,0797,0,7,9,7
2023-04-09,5794,5,7,9,4
2023-04-10,6366,6,3,6,6
2023-04-11,0957,0,9,5,7
2023-04-12,3415,3,4,1,5
2023-04-13,9360,9,3,6,0
2023-04-14,7290,7,2,9,0
2023-04-15,2022,2,0,2,2
2023-04-16,1373,1,3,7,3
2023-04-17,9510,9,5,1,0
2023-04-18,5821,5,8,2,1
2023-04-19,6012,6,0,1,2
2023-04-20,5536,5,5,3,6
2023-04-21,0384,0,3,8,4
2023-04-22,1021,1,0,2,1
2023-04-23,8764,8,7,6,4
2023-04-24,2556,2,5,5,6
2023-04-25,4893,4,8,9,3
2023-04-26,0637,0,6,3,7
2023-04-27,6884,6,8,8,4
2023-04-28,2083,2,0,8,3
2023-04-29,3716,3,7,1,6
2023-04-30,4465,4,4,6,5
2023-05-01,2924,2,9,2,4
2023-05-02,4900,4,9,0,0
2023-05-03,5642,5,6,4,2
2023-05-04,6882,6,8,8,2
2023-05-05,7644,7,6,4,4
2023-05-06,3569,3,5,6,9
2023-05-07,5756,5,7,5,6
2023-05-08,8169,8,1,6,9
2023-05-09,7133,7,1,3,3
2023-05-10,4779,4,7,7,9
2023-05-11,9298,9,2,9,8
2023-05-12,0159,0,1,5,9
2023-05-13,6916,6,9,1,6
2023-05-14,3256,3,2,5,6
2023-05-15,7561,7,5,6,1
2023-05-16,2433,2,4,3,3
2023-05-17,5981,5,9,8,1
2023-05-18,4063,4,0,6,3
2023-05-19,2080,2,0,8,0
2023-05-20,4303,4,3,0,3
2023-05-21,7093,7,0,9,3
2023-05-22,9785,9,7,8,5
2023-05-23,0409,0,4,0,9
2023-05-24,8926,8,9,2,6
2023-05-25,6214,6,2,1,4
2023-05-26,6699,6,6,9,9
2023-05-27,8937,8,9,3,7
2023-05-28,2574,2,5,7,4
2023-05-29,1011,1,0,1,1
2023-05-30,5362,5,3,6,2
2023-05-31,1367,1,3,6,7
2023-06-01,4830,4,8,3,0
2023-06-02,7023,7,0,2,3
2023-06-03,0435,0,4,3,5
2023-06-04,8154,8,1,5,4
2023-06-05,8052,8,0,5,2
2023-06-06,2589,2,5,8,9
2023-06-07,9240,9,2,4,0
2023-06-08,1678,1,6,7,8
2023-06-09,0211,0,2,1,1
2023-06-10,7902,7,9,0,2
2023-06-11,2378,2,3,7,8
2023-06-12,0204,0,2,0,4
2023-06-13,1798,1,7,9,8
2023-06-14,9367,9,3,6,7
2023-06-15,7373,7,3,7,3
2023-06-16,2638,2,6,3,8
2023-06-17,0983,0,9,8,3
2023-06-18,5661,5,6,6,1
2023-06-19,3846,3,8,4,6
2023-06-20,6087,6,0,8,7
2023-06-21,4339,4,3,3,9
2023-06-22,1703,1,7,0,3
2023-06-23,9157,9,1,5,7
2023-06-24,2914,2,9,1,4
2023-06-25,5290,5,2,9,0
2023-06-26,7506,7,5,0,6
2023-06-27,3475,3,4,7,5
2023-06-28,8062,8,0,6,2
2023-06-29,1643,1,6,4,3
2023-06-30,9391,9,3,9,1
2023-07-01,0126,0,1,2,6
2023-07-02,8537,8,5,3,7
2023-07-03,5963,5,9,6,3
2023-07-04,2385,2,3,8,5
2023-07-05,7057,7,0,5,7
2023-07-06,8367,8,3,6,7
2023-07-07,2545,2,5,4,5
2023-07-08,1940,1,9,4,0
2023-07-09,7275,7,2,7,5
2023-07-10,0688,0,6,8,8
2023-07-11,5707,5,7,0,7
2023-07-12,7243,7,2,4,3
2023-07-13,6410,6,4,1,0
2023-07-14,5573,5,5,7,3
2023-07-15,3128,3,1,2,8
2023-07-16,6865,6,8,6,5
2023-07-17,8852,8,8,5,2
2023-07-18,9351,9,3,5,1
2023-07-19,1982,1,9,8,2
2023-07-20,3622,3,6,2,2
2023-07-21,7405,7,4,0,5
2023-07-22,2680,2,6,8,0
2023-07-23,6034,6,0,3,4
2023-07-24,4818,4,8,1,8
2023-07-25,1305,1,3,0,5
2023-07-26,8390,8,3,9,0
2023-07-27,5589,5,5,8,9
2023-07-28,0196,0,1,9,6
2023-07-29,0525,0,5,2,5
2023-07-30,5029,5,0,2,9
2023-07-31,3670,3,6,7,0
2023-08-01,8553,8,5,5,3
2023-08-02,1849,1,8,4,9
2023-08-03,2397,2,3,9,7
2023-08-04,7365,7,3,6,5
2023-08-05,2234,2,2,3,4
2023-08-06,3635,3,6,3,5
2023-08-07,0167,0,1,6,7
2023-08-08,1677,1,6,7,7
2023-08-09,2959,2,9,5,9
2023-08-10,9803,9,8,0,3
2023-08-11,8897,8,8,9,7
2023-08-12,2696,2,6,9,6
2023-08-13,7086,7,0,8,6
2023-08-14,5650,5,6,5,0
2023-08-15,4915,4,9,1,5
2023-08-16,2282,2,2,8,2
2023-08-17,3570,3,5,7,0
2023-08-18,1002,1,0,0,2
2023-08-19,6072,6,0,7,2
2023-08-20,9754,9,7,5,4
2023-08-21,4302,4,3,0,2
2023-08-22,9663,9,6,6,3
2023-08-23,1607,1,6,0,7
2023-08-24,1840,1,8,4,0
2023-08-25,6568,6,5,6,8
2023-08-26,4915,4,9,1,5
2023-08-27,8174,8,1,7,4
2023-08-28,8002,8,0,0,2
2023-08-29,7886,7,8,8,6
2023-08-30,5664,5,6,6,4
2023-08-31,1142,1,1,4,2
2023-09-01,3570,3,5,7,0
2023-09-02,0493,0,4,9,3
2023-09-03,0245,0,2,4,5
2023-09-04,2579,2,5,7,9
2023-09-05,5145,5,1,4,5
2023-09-06,8382,8,3,8,2
2023-09-07,7085,7,0,8,5
2023-09-08,8720,8,7,2,0
2023-09-09,1752,1,7,5,2
2023-09-10,6236,6,2,3,6
2023-09-11,6408,6,4,0,8
2023-09-12,4790,4,7,9,0
2023-09-13,5983,5,9,8,3
2023-09-14,6086,6,0,8,6
2023-09-15,1962,1,9,6,2
2023-09-16,7598,7,5,9,8
2023-09-17,3047,3,0,4,7
2023-09-18,3163,3,1,6,3
2023-09-19,0997,0,9,9,7
2023-09-20,8520,8,5,2,0
2023-09-21,0064,0,0,6,4
2023-09-22,5902,5,9,0,2
2023-09-23,2700,2,7,0,0
2023-09-24,0803,0,8,0,3
2023-09-25,3630,3,6,3,0
2023-09-26,6514,6,5,1,4
2023-09-27,8278,8,2,7,8
2023-09-28,8563,8,5,6,3
2023-09-29,8868,8,8,6,8
2023-09-30,8502,8,5,0,2
2023-10-01,4229,4,2,2,9
2023-10-02,0968,0,9,6,8
2023-10-03,7524,7,5,2,4
2023-10-04,2066,2,0,6,6
2023-10-05,9204,9,2,0,4
2023-10-06,6189,6,1,8,9
2023-10-07,2826,2,8,2,6
2023-10-08,9487,9,4,8,7
2023-10-09,7017,7,0,1,7
2023-10-10,3553,3,5,5,3
2023-10-11,8827,8,8,2,7
2023-10-12,3775,3,7,7,5
2023-10-13,7981,7,9,8,1
2023-10-14,1884,1,8,8,4
2023-10-15,6817,6,8,1,7
2023-10-16,0441,0,4,4,1
2023-10-17,7400,7,4,0,0
2023-10-18,3388,3,3,8,8
2023-10-19,5142,5,1,4,2
2023-10-20,8473,8,4,7,3
2023-10-21,1186,1,1,8,6
2023-10-22,5849,5,8,4,9
2023-10-23,0092,0,0,9,2
2023-10-24,9637,9,6,3,7
2023-10-25,1498,1,4,9,8
2023-10-26,4726,4,7,2,6
2023-10-27,1950,1,9,5,0
2023-10-28,7019,7,0,1,9
2023-10-29,6105,6,1,0,5
2023-10-30,1038,1,0,3,8
2023-10-31,5745,5,7,4,5
2023-11-01,6287,6,2,8,7
2023-11-02,6118,6,1,1,8
2023-11-03,4625,4,6,2,5
2023-11-04,9309,9,3,0,9
2023-11-05,2876,2,8,7,6
2023-11-06,6020,6,0,2,0
2023-11-07,0705,0,7,0,5
2023-11-08,0549,0,5,4,9
2023-11-09,0299,0,2,9,9
2023-11-10,6971,6,9,7,1
2023-11-11,2743,2,7,4,3
2023-11-12,6415,6,4,1,5
2023-11-13,3457,3,4,5,7
2023-11-14,0971,0,9,7,1
2023-11-15,8081,8,0,8,1
2023-11-16,1832,1,8,3,2
2023-11-17,5395,5,3,9,5
2023-11-18,4249,4,2,4,9
2023-11-19,8936,8,9,3,6
2023-11-20,3263,3,2,6,3
2023-11-21,6086,6,0,8,6
2023-11-22,7100,7,1,0,0
2023-11-23,8124,8,1,2,4
2023-11-24,1748,1,7,4,8
2023-11-25,2818,2,8,1,8
2023-11-26,8319,8,3,1,9
2023-11-27,7161,7,1,6,1
2023-11-28,5683,5,6,8,3
2023-11-29,8321,8,3,2,1
2023-11-30,9303,9,3,0,3
2023-12-01,6226,6,2,2,6
2023-12-02,8974,8,9,7,4
2023-12-03,2713,2,7,1,3
2023-12-04,4725,4,7,2,5
2023-12-05,3352,3,3,5,2
2023-12-06,9816,9,8,1,6
2023-12-07,1481,1,4,8,1
2023-12-08,5947,5,9,4,7
2023-12-09,7155,7,1,5,5
2023-12-10,1417,1,4,1,7
2023-12-11,4154,4,1,5,4
2023-12-12,7526,7,5,2,6
2023-12-13,6818,6,8,1,8
2023-12-14,0228,0,2,2,8
2023-12-15,7680,7,6,8,0
2023-12-16,9914,9,9,1,4
2023-12-17,1364,1,3,6,4
2023-12-18,6242,6,2,4,2
2023-12-19,8315,8,3,1,5
2023-12-20,9637,9,6,3,7
2023-12-21,0112,0,1,1,2
2023-12-22,1685,1,6,8,5
2023-12-23,5773,5,7,7,3
2023-12-24,4048,4,0,4,8
2023-12-25,2060,2,0,6,0
2023-12-26,4288,4,2,8,8
2023-12-27,9074,9,0,7,4
2023-12-28,8351,8,3,5,1
2023-12-29,0036,0,0,3,6
2023-12-30,3045,3,0,4,5
2023-12-31,8221,8,2,2,1
2024-01-01,8966,8,9,6,6
2024-01-02,2953,2,9,5,3
2024-01-03,4297,4,2,9,7
2024-01-04,0964,0,9,6,4
2024-01-05,0940,0,9,4,0
2024-01-06,5438,5,4,3,8
2024-01-07,6087,6,0,8,7
2024-01-08,0945,0,9,4,5
2024-01-09,9184,9,1,8,4
2024-01-10,3104,3,1,0,4
2024-01-11,7166,7,1,6,6
2024-01-12,6391,6,3,9,1
2024-01-13,5279,5,2,7,9
2024-01-14,6703,6,7,0,3
2024-01-15,1531,1,5,3,1
2024-01-16,1943,1,9,4,3
2024-01-17,0177,0,1,7,7
2024-01-18,9783,9,7,8,3
2024-01-19,0061,0,0,6,1
2024-01-20,7693,7,6,9,3
2024-01-21,4806,4,8,0,6
2024-01-22,9883,9,8,8,3
2024-01-23,2244,2,2,4,4
2024-01-24,0642,0,6,4,2
2024-01-25,6543,6,5,4,3
2024-01-26,1268,1,2,6,8
2024-01-27,8656,8,6,5,6
2024-01-28,2872,2,8,7,2
2024-01-29,0440,0,4,4,0
2024-01-30,6394,6,3,9,4
2024-01-31,2428,2,4,2,8
2024-02-01,7426,7,4,2,6
2024-02-02,1985,1,9,8,5
2024-02-03,8356,8,3,5,6
2024-02-04,1231,1,2,3,1
2024-02-05,5046,5,0,4,6
2024-02-06,7712,7,7,1,2
2024-02-07,8013,8,0,1,3
2024-02-08,3471,3,4,7,1
2024-02-09,4508,4,5,0,8
2024-02-10,1556,1,5,5,6
2024-02-11,8922,8,9,2,2
2024-02-12,6978,6,9,7,8
2024-02-13,5709,5,7,0,9
2024-02-14,2834,2,8,3,4
2024-02-15,7380,7,3,8,0
2024-02-16,4923,4,9,2,3
2024-02-17,9936,9,9,3,6
2024-02-18,0282,0,2,8,2
2024-02-19,3092,3,0,9,2
2024-02-20,7906,7,9,0,6
2024-02-21,9885,9,8,8,5
2024-02-22,7911,7,9,1,1
2024-02-23,7883,7,8,8,3
2024-02-24,9629,9,6,2,9
2024-02-25,3414,3,4,1,4
2024-02-26,8038,8,0,3,8
2024-02-27,9568,9,5,6,8
2024-02-28,0615,0,6,1,5
2024-02-29,2400,2,4,0,0
2024-03-01,7930,7,9,3,0
2024-03-02,2948,2,9,4,8
2024-03-03,5203,5,2,0,3
2024-03-04,3172,3,1,7,2
2024-03-05,4976,4,9,7,6
2024-03-06,6822,6,8,2,2
2024-03-07,9950,9,9,5,0
2024-03-08,9736,9,7,3,6
2024-03-09,3095,3,0,9,5
2024-03-10,5655,5,6,5,5
2024-03-11,8236,8,2,3,6
2024-03-12,3719,3,7,1,9
2024-03-13,6784,6,7,8,4
2024-03-14,6911,6,9,1,1
2024-03-15,9859,9,8,5,9
2024-03-16,2684,2,6,8,4
2024-03-17,7792,7,7,9,2
2024-03-18,4774,4,7,7,4
2024-03-19,9080,9,0,8,0
2024-03-20,5358,5,3,5,8
2024-03-21,3004,3,0,0,4
2024-03-22,4753,4,7,5,3
2024-03-23,4097,4,0,9,7
2024-03-24,3990,3,9,9,0
2024-03-25,8252,8,2,5,2
2024-03-26,7036,7,0,3,6
2024-03-27,9749,9,7,4,9
2024-03-28,2136,2,1,3,6
2024-03-29,5958,5,9,5,8
2024-03-30,1081,1,0,8,1
2024-03-31,3485,3,4,8,5
2024-04-01,6522,6,5,2,2
2024-04-02,1436,1,4,3,6
2024-04-03,4743,4,7,4,3
2024-04-04,2781,2,7,8,1
2024-04-05,5400,5,4,0,0
2024-04-06,0988,0,9,8,8
2024-04-07,5554,5,5,5,4
2024-04-08,7219,7,2,1,9
2024-04-09,6090,6,0,9,0
2024-04-10,6044,6,0,4,4
2024-04-11,8336,8,3,3,6
2024-04-12,2978,2,9,7,8
2024-04-13,8499,8,4,9,9
2024-04-14,8982,8,9,8,2
2024-04-15,4627,4,6,2,7
2024-04-16,9706,9,7,0,6
2024-04-17,8423,8,4,2,3
2024-04-18,4995,4,9,9,5
2024-04-19,1071,1,0,7,1
2024-04-20,2634,2,6,3,4
2024-04-21,3310,3,3,1,0
2024-04-22,5167,5,1,6,7
2024-04-23,9860,9,8,6,0
2024-04-24,7302,7,3,0,2
2024-04-25,6758,6,7,5,8
2024-04-26,1755,1,7,5,5
2024-04-27,5724,5,7,2,4
2024-04-28,1421,1,4,2,1
2024-04-29,4936,4,9,3,6
2024-04-30,7584,7,5,8,4
2024-05-01,0886,0,8,8,6
2024-05-02,3184,3,1,8,4
2024-05-03,0601,0,6,0,1
2024-05-04,9407,9,4,0,7
2024-05-05,8357,8,3,5,7
2024-05-06,6010,6,0,1,0
2024-05-07,2681,2,6,8,1
2024-05-08,9109,9,1,0,9
2024-05-09,1701,1,7,0,1
2024-05-10,5169,5,1,6,9
2024-05-11,1828,1,8,2,8
2024-05-12,4202,4,2,0,2
2024-05-13,6214,6,2,1,4
2024-05-14,7006,7,0,0,6
2024-05-15,6970,6,9,7,0
2024-05-16,7339,7,3,3,9
2024-05-17,5470,5,4,7,0
2024-05-18,0323,0,3,2,3
2024-05-19,1901,1,9,0,1
2024-05-20,2250,2,2,5,0
2024-05-21,8649,8,6,4,9
2024-05-22,4193,4,1,9,3
2024-05-23,0929,0,9,2,9
2024-05-24,1598,1,5,9,8
2024-05-25,0309,0,3,0,9
2024-05-26,2904,2,9,0,4
2024-05-27,7426,7,4,2,6
2024-05-28,9952,9,9,5,2
2024-05-29,0483,0,4,8,3
2024-05-30,3037,3,0,3,7
2024-05-31,2958,2,9,5,8
2024-06-01,6894,6,8,9,4
2024-06-02,9128,9,1,2,8
2024-06-03,8506,8,5,0,6
2024-06-04,2548,2,5,4,8
2024-06-05,0780,0,7,8,0
2024-06-06,7332,7,3,3,2
2024-06-07,2599,2,5,9,9
2024-06-08,6313,6,3,1,3
2024-06-09,7847,7,8,4,7
2024-06-10,5978,5,9,7,8
2024-06-11,8626,8,6,2,6
2024-06-12,9904,9,9,0,4
2024-06-13,2706,2,7,0,6
2024-06-14,1538,1,5,3,8
2024-06-15,7899,7,8,9,9
2024-06-16,9993,9,9,9,3
2024-06-17,8436,8,4,3,6
2024-06-18,3409,3,4,0,9
2024-06-19,5062,5,0,6,2
2024-06-20,1790,1,7,9,0
2024-06-21,6445,6,4,4,5
2024-06-22,3423,3,4,2,3
2024-06-23,4082,4,0,8,2
2024-06-24,2520,2,5,2,0
2024-06-25,8516,8,5,1,6
2024-06-26,6599,6,5,9,9
2024-06-27,3958,3,9,5,8
2024-06-28,1132,1,1,3,2
2024-06-29,3917,3,9,1,7
2024-06-30,9253,9,2,5,3
2024-07-01,7670,7,6,7,0
2024-07-02,6988,6,9,8,8
2024-07-03,9092,9,0,9,2
2024-07-04,7840,7,8,4,0
2024-07-05,5664,5,6,6,4
2024-07-06,0586,0,5,8,6
2024-07-07,7863,7,8,6,3
2024-07-08,5450,5,4,5,0
2024-07-09,1686,1,6,8,6
2024-07-10,9881,9,8,8,1
2024-07-11,0922,0,9,2,2
2024-07-12,6815,6,8,1,5
2024-07-13,5187,5,1,8,7
2024-07-14,1420,1,4,2,0
2024-07-15,4638,4,6,3,8
2024-07-16,0366,0,3,6,6
2024-07-17,7850,7,8,5,0
2024-07-18,1267,1,2,6,7
2024-07-19,3688,3,6,8,8
2024-07-20,8785,8,7,8,5
2024-07-21,8540,8,5,4,0
2024-07-22,9073,9,0,7,3
2024-07-23,8342,8,3,4,2
2024-07-24,2119,2,1,1,9
2024-07-25,7298,7,2,9,8
2024-07-26,6716,6,7,1,6
2024-07-27,3816,3,8,1,6
2024-07-28,5633,5,6,3,3
2024-07-29,0574,0,5,7,4
2024-07-30,3112,3,1,1,2
2024-07-31,4247,4,2,4,7
2024-08-01,2206,2,2,0,6
2024-08-02,5341,5,3,4,1
2024-08-03,4984,4,9,8,4
2024-08-04,0378,0,3,7,8
2024-08-05,4708,4,7,0,8
2024-08-06,2533,2,5,3,3
2024-08-07,6512,6,5,1,2
2024-08-08,0689,0,6,8,9
2024-08-09,1027,1,0,2,7
2024-08-10,0983,0,9,8,3
2024-08-11,7764,7,7,6,4
2024-08-12,4179,4,1,7,9
2024-08-13,4022,4,0,2,2
2024-08-14,8976,8,9,7,6
2024-08-15,4688,4,6,8,8
2024-08-16,7626,7,6,2,6
2024-08-17,8239,8,2,3,9
2024-08-18,4042,4,0,4,2
2024-08-19,3520,3,5,2,0
2024-08-20,8706,8,7,0,6
2024-08-21,3782,3,7,8,2
2024-08-22,9284,9,2,8,4
2024-08-23,3143,3,1,4,3
2024-08-24,7645,7,6,4,5
2024-08-25,1937,1,9,3,7
2024-08-26,0375,0,3,7,5
2024-08-27,5324,5,3,2,4
2024-08-28,8459,8,4,5,9
2024-08-29,3187,3,1,8,7
2024-08-30,5814,5,8,1,4
2024-08-31,1243,1,2,4,3
2024-09-01,6085,6,0,8,5
2024-09-02,5849,5,8,4,9
2024-09-03,3373,3,3,7,3
2024-09-04,4652,4,6,5,2
2024-09-05,4017,4,0,1,7
2024-09-06,2976,2,9,7,6
2024-09-07,2158,2,1,5,8
2024-09-08,5705,5,7,0,5
2024-09-09,1678,1,6,7,8
2024-09-10,4966,4,9,6,6
2024-09-11,6925,6,9,2,5
2024-09-12,5217,5,2,1,7
2024-09-13,9697,9,6,9,7
2024-09-14,2870,2,8,7,0
2024-09-15,5734,5,7,3,4
2024-09-16,2516,2,5,1,6
2024-09-17,1158,1,1,5,8
2024-09-18,4573,4,5,7,3
2024-09-19,7185,7,1,8,5
2024-09-20,4881,4,8,8,1
2024-09-21,8270,8,2,7,0
2024-09-22,1489,1,4,8,9
2024-09-23,8165,8,1,6,5
2024-09-24,6627,6,6,2,7
2024-09-25,0156,0,1,5,6
2024-09-26,9385,9,3,8,5
2024-09-27,7363,7,3,6,3
2024-09-28,5159,5,1,5,9
2024-09-29,1020,1,0,2,0
2024-09-30,9239,9,2,3,9
2024-10-01,3651,3,6,5,1
2024-10-02,5701,5,7,0,1
2024-10-03,4085,4,0,8,5
2024-10-04,8800,8,8,0,0
2024-10-05,0323,0,3,2,3
2024-10-06,5855,5,8,5,5
2024-10-07,5021,5,0,2,1
2024-10-08,9887,9,8,8,7
2024-10-09,3298,3,2,9,8
2024-10-10,8013,8,0,1,3
2024-10-11,3247,3,2,4,7
2024-10-12,6649,6,6,4,9
2024-10-13,2583,2,5,8,3
2024-10-14,5939,5,9,3,9
2024-10-15,0107,0,1,0,7
2024-10-16,0889,0,8,8,9
2024-10-17,7826,7,8,2,6
2024-10-18,9547,9,5,4,7
2024-10-19,3578,3,5,7,8
2024-10-20,6928,6,9,2,8
2024-10-21,1895,1,8,9,5
2024-10-22,3973,3,9,7,3
2024-10-23,9915,9,9,1,5
2024-10-24,5866,5,8,6,6
2024-10-25,5194,5,1,9,4
2024-10-26,4086,4,0,8,6
2024-10-27,7405,7,4,0,5
2024-10-28,2776,2,7,7,6
2024-10-29,8498,8,4,9,8
2024-10-30,2736,2,7,3,6
2024-10-31,9363,9,3,6,3
2024-11-01,5424,5,4,2,4
2024-11-02,2348,2,3,4,8
2024-11-03,6971,6,9,7,1
2024-11-04,7960,7,9,6,0
2024-11-05,3751,3,7,5,1
2024-11-06,0578,0,5,7,8
2024-11-07,4525,4,5,2,5
2024-11-08,6362,6,3,6,2
2024-11-09,7030,7,0,3,0
2024-11-10,2364,2,3,6,4
2024-11-11,3458,3,4,5,8
2024-11-12,0969,0,9,6,9
2024-11-13,1334,1,3,3,4
2024-11-14,1722,1,7,2,2
2024-11-15,4390,4,3,9,0
2024-11-16,8352,8,3,5,2
2024-11-17,6261,6,2,6,1
2024-11-18,3283,3,2,8,3
2024-11-19,6193,6,1,9,3
2024-11-20,8126,8,1,2,6
2024-11-21,7545,7,5,4,5
2024-11-22,2541,2,5,4,1
2024-11-23,1555,1,5,5,5
2024-11-24,0331,0,3,3,1
2024-11-25,5607,5,6,0,7
2024-11-26,9621,9,6,2,1
2024-11-27,1078,1,0,7,8
2024-11-28,9347,9,3,4,7
2024-11-29,8919,8,9,1,9
2024-11-30,5750,5,7,5,0
2024-12-01,9475,9,4,7,5
2024-12-02,9148,9,1,4,8
2024-12-03,4886,4,8,8,6
2024-12-04,7950,7,9,5,0
2024-12-05,6184,6,1,8,4
2024-12-06,0539,0,5,3,9
2024-12-07,0408,0,4,0,8
2024-12-08,0816,0,8,1,6
2024-12-09,3457,3,4,5,7
2024-12-10,4570,4,5,7,0
2024-12-11,6925,6,9,2,5
2024-12-12,4131,4,1,3,1
2024-12-13,8422,8,4,2,2
2024-12-14,0173,0,1,7,3
2024-12-15,1808,1,8,0,8
2024-12-16,6685,6,6,8,5
2024-12-17,8201,8,2,0,1
2024-12-18,6146,6,1,4,6
2024-12-19,2902,2,9,0,2
2024-12-20,0093,0,0,9,3
2024-12-21,5790,5,7,9,0
2024-12-22,3178,3,1,7,8
2024-12-23,3067,3,0,6,7
2024-12-24,2180,2,1,8,0
2024-12-25,1719,1,7,1,9
2024-12-26,6302,6,3,0,2
2024-12-27,1775,1,7,7,5
2024-12-28,3917,3,9,1,7
2024-12-29,5866,5,8,6,6
2024-12-30,8127,8,1,2,7
2024-12-31,0641,0,6,4,1
2025-01-01,7763,7,7,6,3
2025-01-02,9029,9,0,2,9
2025-01-03,4737,4,7,3,7
2025-01-04,7120,7,1,2,0
2025-01-05,8474,8,4,7,4
2025-01-06,4622,4,6,2,2
2025-01-07,8032,8,0,3,2
2025-01-08,2319,2,3,1,9
2025-01-09,9596,9,5,9,6
2025-01-10,2538,2,5,3,8
2025-01-11,1221,1,2,2,1
2025-01-12,3547,3,5,4,7
2025-01-13,3035,3,0,3,5
2025-01-14,4927,4,9,2,7
2025-01-15,2312,2,3,1,2
2025-01-16,7214,7,2,1,4
2025-01-17,5316,5,3,1,6
2025-01-18,6507,6,5,0,7
2025-01-19,4665,4,6,6,5
2025-01-20,9376,9,3,7,6
2025-01-21,0538,0,5,3,8
2025-01-22,5895,5,8,9,5
2025-01-23,3550,3,5,5,0
2025-01-24,7671,7,6,7,1
2025-01-25,2821,2,8,2,1
2025-01-26,8353,8,3,5,3
2025-01-27,1788,1,7,8,8
2025-01-28,5305,5,3,0,5
2025-01-29,1477,1,4,7,7
2025-01-30,6843,6,8,4,3
2025-01-31,4059,4,0,5,9
2025-02-01,9598,9,5,9,8
2025-02-02,7017,7,0,1,7
2025-02-03,2975,2,9,7,5
